Unnamed: 0,25%_acc_x,25%_acc_y,25%_vel_x,25%_vel_y,50%_acc_x,50%_acc_y,50%_vel_x,50%_vel_y,75%_acc_x,75%_acc_y,75%_vel_x,75%_vel_y,acceleration,acceleration_percentile_25,acceleration_percentile_50,acceleration_percentile_75,area,avg_acc_x,avg_acc_y,avg_acceleration,avg_devs,avg_vel_x,avg_vel_y,avg_velocity,direction,displacement,duration,endX,endY,final_acceleration,final_speed,final_velocity,initial_acceleration,initial_speed,initial_velocity,length,max_devs,median_area,speed,speed_percentile_25,speed_percentile_50,speed_percentile_75,startX,startY,velocity,velocity_percentile_25,velocity_percentile_50,velocity_percentile_75,faulty
0,0.0649844898897058,4.704564500432526,0.2540355009191176,14.451401654411764,-0.8728844137752758,2.4079764871036398,-2.266357421875,6.424774169921903,-2.049151701085708,2.235824136173024,-6.524688720703125,7.122467041015625,0.0064058689125614,0.0173257026124377,0.0156908346869572,0.0094989809897401,44.56633636679474,0.0188073505520862,-0.0272296911153834,1.4550328884475283,119.38877171915252,1.0019765686435145,-2.8589118614929663,6.540523632404898,-1.2376286062978463,1167.9756729584228,427.0,1371.26953125,637.5,0.0,0.5205349340122581,0.0,0.0046707801429018,0.1205887612483646,0.1167695035725451,2052.11767984528,206.0562046661053,37.45070282923929,4.80589620572665,4.136637348484922,5.701771386085434,5.063852230401436,989.296875,1741.25,2.735306025663754,1.9448101182461417,3.3421477883219035,2.9731810497886517,False
1,-0.3727660393632406,5.885547888732699,-1.1546559053308822,15.439970128676473,-0.1424168781425713,0.2270501476670631,1.4762824563419117,-1.8090317670036764,0.263671875,-0.078125,7.03125,-3.75,0.0097606774594634,0.0334448192289664,0.0240779961582953,0.0138646717852849,41.35732516358345,0.0089288240221713,0.026274323658848,1.465692521855779,101.1546787127868,1.234705855123734,-2.9757874016898005,6.897280788425944,-1.1835143484239667,1182.057083050862,348.0,1336.58740234375,641.7372436523438,0.0,0.6906567053141097,0.0,0.0016747537132366,0.221164567512211,0.0523360535386458,2023.225881584184,197.59597127261392,40.44675905557843,5.81386747581662,5.693551402756137,7.151812415336545,6.312735333465607,890.15625,1736.25,3.3967157558932817,3.2525086700169834,4.671131254709303,3.785055397382799,False
2,1.0396403276384083,-9.454503676470589,2.150735294117647,-19.558823529411764,0.0121108850393328,0.4137722134177681,3.692594640395221,-6.681906307444846,0.10986328125,0.15625,11.953125,-5.78125,0.0231426995114932,0.0281522111677926,0.0513938368174784,0.0344620112613363,30.10100239900107,-0.0205125659854308,-0.0442346614679436,2.4615410143864485,69.5218308303948,1.9986038437076643,-4.901698310702455,10.968079329867948,-1.170612279231855,1109.9470112707272,219.0,1308.515625,669.0006713867188,0.0,0.0,0.0,0.0041207508644019,0.1236225259320588,0.1236225259320588,1890.9322020038576,175.90958399964978,26.964506037052285,8.63439361645597,4.552331308978542,10.235677705714142,10.204142904966472,876.09375,1691.25,5.068251193017019,2.012883098497176,6.681198786272201,6.065313981995192,False
3,-0.0218978842002501,-0.0389295719115558,-0.1240844463593278,-0.2205945713054717,-0.0218966262975778,0.0,-0.1240808823529411,0.0,-0.0041055879506072,0.0,0.0,0.0,0.0002810610239625,0.0017865374875956,0.0006656072800738,0.0003572036412375,28.569536158305404,-0.0009649145604125,0.0011675543259272,0.007931746891833,0.3887495574606906,-0.0287753761793103,-0.0243748091054996,0.0621188867957542,0.5738858942964037,4.604903816602064,128.0,865.1953125,2058.75,0.0002810610239625,0.0,0.0359758110672036,0.0,0.0,0.0,7.95762185552233,1.3360417491933163,36.7016887726545,0.0621689207462682,0.0506184167597516,0.067621277287093,0.0628839069189082,869.0625,2061.25,0.0359758110672036,0.0506184167597516,0.0452612950450188,0.0381017508013097,False
4,0.0119809751157407,-0.0142008463541666,-0.0093587239583333,0.0110812717013888,-0.1139725976421101,0.0528946346292919,-0.5273276572370228,0.234367847660899,0.4941097427813134,-0.1378916282597723,0.947682327090091,-0.2807889505074814,0.0022437566084131,0.0054507471926346,0.0030575737321095,0.0020574699551085,34.93129191163592,0.0001688049138437,-0.0013880897966914,0.101197802917008,0.5390132363249889,-0.1268973936205578,0.0390459344472655,0.3348929039501333,-0.3309999313574754,11.63163425801397,72.0,1223.335693359375,1060.6551513671875,0.0022437566084131,0.0,0.1615504758057495,0.0,0.0,0.0,17.70126901550649,1.355813815948666,47.936899621426285,0.2458509585487012,0.098113450206142,0.159063278477275,0.2286399501978843,1234.3359375,1056.875,0.1615504758057495,0.0981134494674231,0.1335143017947725,0.138536142873311,False
5,-0.0047861099243164,-0.0063862800598144,-0.1064605712890625,-0.1021804809570312,0.169496107266436,0.0,-0.0241268382352941,0.0,-0.1375748170712104,0.0,-0.5583800086169755,0.0,0.0016492184531829,0.0026748553264599,0.002625874343837,0.0020364751925287,68.26728115729904,0.0031246535547272,0.0012611561462658,0.0429612561027007,0.5154462073591867,-0.150902352436505,-0.0113341067017627,0.2287112298214885,0.1263081170632402,14.884196539975711,95.0,1166.484375,1058.125,0.0016492184531829,0.0,0.1566757530523759,0.0,0.0,0.0,20.674699855605247,1.3729038216888088,90.63070084675908,0.2176284195326868,0.1031810084402048,0.1987929807661367,0.2354801641373037,1181.25,1060.0,0.1566757530523759,0.0962947917525581,0.139171340223364,0.1635966747377026,False
6,2.3336314699869546e-07,-0.0058529551606192,-0.1020649246326135,-0.120965836601616,0.1179021815527681,0.1310874648572664,0.3662971047794117,0.4341394761029412,-0.0389273356401384,0.1038062283737024,-0.6617647058823529,-0.1470588235294117,0.0021648309610804,0.0066077103345838,0.0014770830959469,0.0026689768568285,35.95267471606972,0.0024271694772156,0.0020678635509516,0.0543662115328296,0.3680383046036258,-0.1274650462665246,-0.066740636468845,0.263871234396396,0.5896975895568498,10.30676020570413,69.0,1196.9417724609375,1029.893310546875,0.0021648309610804,0.0,0.1493733363145526,0.0,0.0,0.0,15.517708671100316,1.222934641272905,47.936899621426285,0.2248943285666712,0.1384575302999224,0.1698331790225038,0.2473398286912793,1205.5078125,1035.625,0.1493733363145526,0.1365598846515765,0.0771775917632285,0.1621403440523368,False
7,-0.2510833740234375,-0.1487884521484375,-0.52734375,-0.3125,-0.0016030704273897,-0.0037698184742647,-0.337646484375,-0.1142578125,0.0583910034602076,0.0346020761245674,-0.6617647058823529,-0.1470588235294117,0.0029710374227575,0.0031239922477334,0.0043333869803966,0.003718623801458,55.177368835079214,0.0018230614931663,0.0016121687206017,0.1007357551126881,0.1283991708899312,-0.2331260830748314,-0.0539393166934742,0.4463598989093222,0.27083138582623,19.014639505648056,80.0,1186.131591796875,1044.9129638671875,0.0029710374227575,0.0,0.2376829938206007,0.0,0.0,0.0,29.325826679999285,0.3579461097807034,74.90140565847858,0.366572833499991,0.2375991769406576,0.3288890031389976,0.4088258824723228,1204.453125,1050.0,0.2376829938206007,0.1030917441752036,0.2513364448630071,0.2630926339531597,False
8,0.0999878352076124,0.0592481952619602,0.3199678308823529,0.1895967371323529,0.1988402897923875,0.0642706531141868,-0.0648552389705882,-0.0209673713235294,0.1191266036971371,0.0609706582568308,0.3624361478365384,0.1841008112980769,0.0035902021260341,0.0016509926380855,0.0049890926579774,0.0032762153584479,40.44675905557843,0.0597016829363303,0.0353840766733546,0.0675471981112041,0.1975241269778373,-0.1954606966735011,-0.0894537061728432,0.3719607824393827,0.4655781085330909,18.09820891733834,71.0,1206.2109375,1055.625,0.0035902021260341,0.0,0.2549043509484273,0.0,0.0,0.0,26.61607072330637,0.4083405225310276,52.430983960935,0.3748742355395263,0.1610020679178309,0.2798277028281368,0.3419245644099663,1222.3828125,1063.75,0.2549043509484273,0.0449895493878303,0.1995637063190977,0.2080396752614461,False
9,0.0766850771788494,0.0856376644177891,0.2502585018382353,0.2966164981617647,0.1160656358131487,0.0375148680795847,-0.4166475183823529,-0.1346794577205882,0.2515561526983478,0.0006877425449346,0.7485080295138888,0.0,0.0030897362830575,0.0011787418744723,0.004239199339042,0.0026062651250702,38.12481548016559,-0.0578766463008229,-0.0009820850576654,0.0910742378317289,0.7522763976068092,-0.2910116956124898,-0.0496736670742515,0.4337863519150773,0.2431538476341344,15.575360602893156,71.0,1128.1640625,1080.0,0.0030897362830575,0.0,0.2193712760970867,0.0,0.0,0.0,26.1526443747322,1.7233420487245277,47.936899621426285,0.3683471038694676,0.139080012454753,0.2676885949405589,0.3298329981162737,1143.28125,1083.75,0.2193712760970867,0.0380144254517325,0.1907639702568903,0.1733166308171686,False
10,-0.2825070285467128,-0.0558026059688581,-0.7444852941176471,-0.1470588235294117,0.1768695727511881,0.0741843433409877,0.4721468269355047,0.1975141096893714,0.0213759845213345,0.0027434141165657,0.0568129595588235,0.0466380399816176,0.0025067789574694,0.0046527106017555,0.0045591790152082,0.0026766828645868,46.33186950017316,0.0194374754274205,0.0114856628130467,0.2905776779517251,0.6366717775403501,-0.2039240117514003,-0.0479069219219042,0.5826058577524442,0.2843436221921278,21.6811312031536,93.0,1177.666015625,1040.7928466796875,0.0025067789574694,0.0,0.2331304430446623,0.0,0.0,0.0,37.16914359170244,1.786140042777089,65.91323697946113,0.3996682106634671,0.2733717958850983,0.4403436978943234,0.3784311263431045,1198.4765625,1046.875,0.2331304430446623,0.1465603839552991,0.2811497436314481,0.2409014578128177,False
11,-0.0061802103392307,-2.514628506743967e-07,-0.1647974364843213,-0.1171892881666285,0.4286756680498486,0.0676858763381271,1.2038143382352942,0.2140107996323529,0.2298267192906574,0.0,-0.1813246783088235,0.0,0.0035856087479529,0.0082683699069629,0.0031753101630391,0.0050330453653757,65.57277604464988,0.0056879810511225,0.0018485780467684,0.0988558088315212,1.4290642087548304,-0.2802714026213967,-0.0249509321719392,0.4976784300493771,0.1299819448044109,24.10963322123545,82.0,1171.40625,1060.0,0.0035856087479529,0.0,0.2940199173321396,0.0,0.0,0.0,35.73553224071108,2.402537158978851,82.76605325261883,0.4357991736672083,0.177771540449353,0.3743960561608179,0.498403009515104,1195.3125,1063.125,0.2940199173321396,0.1763912184668765,0.1659099560187943,0.3271479487494227,False
12,-0.0016978581746419,0.0007947285970052,-0.0926055908203125,-0.064849853515625,0.0825313581314878,0.0202949286332179,-0.1455652573529411,0.0862534466911764,-0.1283798217773437,0.1521530151367187,-0.263671875,0.3125,0.0009481381020001,0.0024643624429205,0.0018273565601785,0.001049817537745,58.36959540957151,0.0016433230838135,-0.0005241202752882,0.0438159052016025,1.3204004258938629,-0.0833675053273262,0.0167807357317927,0.2018266571432211,-0.0317510596969724,8.02504089532961,92.0,1231.23681640625,1035.8797607421875,0.0009481381020001,0.0,0.0872287053840175,0.0,0.0,0.0,15.975745657569188,2.68636441386086,74.90140565847858,0.1736494093214042,0.0991853793169114,0.1654562614483893,0.1786770607305383,1239.2578125,1035.625,0.0872287053840175,0.0985744977168214,0.1041593239301763,0.0860850380950954,False
13,-0.1048402357266436,-0.0621282980103806,-0.2481617647058823,-0.1470588235294117,-0.007728444663711,-0.0055248432093425,-0.2957045611213235,-0.1588350183823529,0.087890625,0.0,-0.439453125,-0.46875,0.0027234863142415,0.0032430321509962,0.0041578873316957,0.0036895745154822,36.07751039216718,0.0036933513771528,0.0028650806576268,0.0752775474454487,0.312420038390471,-0.1760541985348827,-0.1078926321505164,0.3381062960223538,0.5567110752929546,16.569690735845434,78.0,1211.479248046875,1073.11962890625,0.0027234863142415,0.0,0.2124319325108389,0.0,0.0,0.0,23.05228645925715,0.664898948811337,47.936899621426285,0.2955421340930403,0.1619585269450422,0.2661265154052381,0.3439531524183251,1225.546875,1081.875,0.2124319325108389,0.0956694484543879,0.2286838032432678,0.2472014925373134,False
14,0.0583910034602076,-0.519031141868512,-1.6544117647058822,-7.352941176470588,1.859905478395062,-4.37624481577932,5.3125,-12.5,-2.268091749567474,3.195974805363319,-7.579991957720588,10.628604664522046,0.0110408902210431,0.0179191997942163,0.0187362560353693,0.0140041419576189,35.2917799602596,0.0607111141100014,-0.0511506514549713,1.3133392605628311,27.34189799729276,0.7616351662171641,-2.636875098061173,5.589891886515567,-1.3034504400345472,620.1557628257724,237.0,1375.3125,366.875,0.0,0.0,0.0,0.0057055510442793,0.1026999187970285,0.1026999187970285,1032.8188242986232,68.81874799980976,40.44675905557843,4.357885334593347,1.8286457996665604,3.8583227429923017,4.567596124588497,1211.484375,965.0,2.616690982387225,1.1423489868812944,2.379504516491903,2.664288007437013,False
15,0.2141003460207612,-0.9688581314878892,1.6544117647058822,-11.176470588235292,2.1792482158304503,-4.226417198313146,5.459558823529412,-10.588235294117649,2.7033506944444445,-2.826831597222222,4.3125,-4.5,0.0092154929051447,0.0163972543506113,0.0216757826318935,0.0126169772554036,37.207779351428,0.0077222167083902,-0.0039616721940161,1.1260717529244628,25.55708699800567,0.8391327835425537,-2.270560589175516,5.1178841176511725,-1.2031506750608298,618.1844795700148,259.0,1406.6015625,305.0,0.0,0.0,0.0,0.003375901669649,0.1012770500894728,0.1012770500894728,1044.5807764858455,60.76280981274525,47.936899621426285,4.033130411142261,2.1358517981203287,4.922456706518408,4.349833173862516,1184.4140625,881.875,2.3868126624324897,1.25848927140942,3.023771677149149,2.6180227804962586,False
16,1.3205958236882716,-4.225914472415123,3.125,-10.0,0.051991443268095,0.0308105185491376,0.1861266695389918,0.1102972856527358,-0.0583910034602076,0.0346020761245674,-0.2481617647058823,0.5882352941176471,0.0030574074487983,0.0174654778291316,0.0112961576165601,0.0050597287084843,59.82749776970977,-0.0030307348781065,0.0059176861347723,0.4114048441671786,2.680946324446529,0.321655278378939,-0.8379488680341757,1.985997999157132,-1.1879955661335595,246.59825519028036,284.0,1272.3046875,499.375,0.0390625,0.15625,0.15625,0.005453824302627,0.1366956341926246,0.136345607565677,456.13519201941017,8.316878531003642,74.90140565847858,1.6061098310542612,2.768762511226268,2.7278875922623644,2.006384657401096,1180.1953125,728.125,0.8683037154587335,1.467100137647058,1.7320765819222284,1.1270545698148913,False
17,-0.000737750469956,-0.0034339707805845,-0.0893052045036764,-0.1038674747242647,0.0,0.0,-0.2481617647058823,-0.2941176470588235,-0.5154113296098182,0.920394884687968,-0.7780137688589425,1.3831111762120991,0.0010026337239222,0.0021578821471905,0.0015997097886037,0.0008930191976137,26.83967036095483,0.0048390828325102,-0.0064509610422566,0.1891082061270736,1.1846518523787368,-0.0242895057841338,-0.0501946491946859,0.4208102638302296,1.1693547687746828,6.578279862653689,81.0,1074.6170654296875,662.6947021484375,0.0010026337239222,0.0,0.0812133316376998,0.0,0.0,0.0,18.275443014794696,2.338660630030829,35.95267471606972,0.2256227532690703,0.0974835981364997,0.174512486531348,0.2012502711320508,1077.1875,668.75,0.0812133316376998,0.0927889323291923,0.0891838207146608,0.0693578970220874,False
18,0.0044740609938828,-0.0043252595155709,0.0258358226102941,-0.0735294117647058,0.0,0.0,0.2481617647058823,0.0,-0.2548900817560821,0.1260118449868302,-0.8254937065972222,0.4192979600694191,0.001262193263222,0.001172906704014,0.0004853308743235,0.0004822501993941,64.16553751409661,0.0521260873754656,-0.0252476746967364,0.0590205778788663,0.7816924089155776,0.1593260445996975,-0.0760914920981429,0.2952629474710549,-0.5565993180102227,8.28125,81.0,1262.4609375,1005.625,0.001262193263222,0.0,0.1022376543209876,0.0,0.0,0.0,22.04337741243469,2.1757075471698117,65.91323697946113,0.2721404618819098,0.0764986329447248,0.1178891780546708,0.2159865886146303,1255.4296875,1010.0,0.1022376543209876,0.0445704547525356,0.0246305418719211,0.0368921402536528,False
19,-0.1336370025951557,-0.1583788386678263,-0.2481617647058823,-0.2941176470588235,0.0117588769193339,0.0095734381758214,-0.0995303883272058,-0.1566449333639772,0.0462962962962962,-0.0137174211248285,0.15625,-0.3703703703703703,0.0014146966270623,0.001720621081789,0.0024293003291087,0.001566039085005,52.43098396093498,-0.0079258174128094,0.0108029030800101,0.0559322984227357,1.4929609427518395,-0.0535145858620593,-0.1181420504224385,0.2964438291329629,1.1197266708063731,12.500259396722596,94.0,1245.05859375,1004.375,0.0014146966270623,0.0,0.1329814829438574,0.0,0.0,0.0,23.553941752835375,3.077548249478224,65.91323697946113,0.2505738484344189,0.1736581032707994,0.2253197968895073,0.2573595103709063,1250.5078125,1015.625,0.1329814829438574,0.0696851538124554,0.1603338217211771,0.1350708710816873,False
20,-0.1372451782226562,0.1626663208007812,-0.263671875,0.3125,0.2266742481904871,0.0451646692612591,0.595611572265625,0.132354736328125,0.0057877801281358,0.0034283172713019,0.0187413832720588,0.0111012178308823,0.001044032229889,0.0017910375760677,0.0021420916448642,0.0015581717451523,62.81731221224402,-0.0212182491550118,0.0001827207827961,0.0719026064203947,0.7535807291666666,-0.1139149944331915,-0.0113741964323444,0.3168545327205018,-0.0,11.953125,107.0,1210.4296875,1051.875,0.001044032229889,0.0,0.1117114485981308,0.0,0.0,0.0,26.185665277685004,2.166748046875,65.91323697946113,0.2447258437166822,0.1617400268708772,0.2727673914340318,0.2534346345019474,1222.3828125,1051.875,0.1117114485981308,0.0662683903145068,0.1413780485610396,0.1480263157894736,False
21,-0.1495208740234375,-0.0886077880859375,-0.263671875,-0.15625,0.0124236110172469,0.011700904080614,-0.0989487591911764,-0.0216351677389639,0.0,0.0,-0.2481617647058823,0.0,0.0009883928747684,0.0017639054558777,0.0017741955907939,0.0013699196658429,44.31666501459981,-0.0036944539351721,-0.0020318470611709,0.049222277007661,0.5987621269450064,-0.0852581472957835,-0.0480491413789655,0.2148965886674314,0.5246939075371867,8.733439441453697,94.0,1253.84765625,1015.625,0.0009883928747684,0.0,0.0929089302282308,0.0,0.0,0.0,14.607950253125262,1.3208592798497576,65.91323697946113,0.1554037260970772,0.1481663159196821,0.1662509924759655,0.1811010482717075,1261.40625,1020.0,0.0929089302282308,0.0705562182351111,0.1153227134016086,0.1065112540192926,False
22,-0.2063148788927335,-0.0611280817473985,-0.4963235294117647,-0.1470588235294117,-0.0109702773572664,-0.0109846385704993,-0.3658088235294117,-0.2736816406249866,0.0330455889719621,0.0513447472980514,-0.3510872053101396,-0.3120851453422049,0.0031116829011993,0.003277251648434,0.0047490461902511,0.0036637158620122,59.79628885068538,0.005093126475944,0.0046204594730253,0.072004162620029,0.4290821796206665,-0.1919752406113125,-0.1256455446525521,0.3742547064242188,0.6035373454839231,20.92295582766465,82.0,1259.296875,990.0,0.0031116829011993,0.0,0.2551579978983494,0.0,0.0,0.0,29.55932284377689,1.3232139427639449,65.91323697946113,0.3604795468753279,0.2110228900033348,0.3386530255702237,0.3898978248937549,1276.5234375,1001.875,0.2551579978983494,0.1097879302225411,0.2801937252248198,0.2747786896509214,False
23,-0.0063194085743801,-0.00364798553719,-0.1653941761363636,0.0735085227272727,-0.6875675821799307,0.0719006812283736,-1.40625,0.1470588235294117,0.2358077422145328,-0.0419212262110726,-0.6522288602941176,0.1159524356617647,0.0044241315516091,0.0073041848036789,0.0045774523184655,0.0064544076741858,36.55188596133754,0.0071316965844925,-2.406249197897617e-05,0.1307149768363287,0.590437311908161,-0.3006943295101039,0.0661518958408319,0.6164624667779347,-0.232741511754825,21.678244602884707,70.0,1227.3046875,1065.625,0.0044241315516091,0.0,0.3096892086126386,0.0,0.0,0.0,35.04202062111862,1.5406430784324527,47.936899621426285,0.5006002945874088,0.1648378585852476,0.497521737139642,0.5998074235116579,1248.3984375,1060.625,0.3096892086126386,0.160692065680937,0.217428985127115,0.3614468297544089,False
24,0.0106849670410156,0.0,-0.002410888671875,0.0,-0.0526546266754534,0.0,-0.1977478714638835,0.0,0.8215565541301922,0.0,0.9931331258011352,0.0,0.0012746880978954,0.002821922302246,0.0014749959589782,0.0010856039132463,36.08885908999422,-0.0100501545668551,0.0,0.1476607969349156,0.0,-0.0647263481113497,0.0,0.2604024390256492,-0.0,6.2459716796875,70.0,1206.9962158203125,1031.875,0.0012746880978954,0.0,0.0892281668526785,0.0,0.0,0.0,9.7803955078125,0.0,47.936899621426285,0.1397199358258928,0.0451507568359375,0.084703593333296,0.1255887482459925,1213.2421875,1031.875,0.0892281668526785,0.0451507568359375,0.0644082769108627,0.0730972418119123,True
25,0.0091196982939293,0.0108088216044442,-0.0209496148503598,-0.0248263669655259,-0.0865126193796597,-0.0549287909083721,-0.3954957429277671,-0.234367847660899,-3.4334818806626783,0.0,-2.204320761625778,0.0,0.0008358890367429,0.0032704365914959,0.0018156078783527,0.0010626238482823,57.48682884288229,0.0661644718857653,0.0003478365930897,0.5661468473906741,0.2557478565525639,-0.0605242209283318,-0.0309118399046378,0.4675498061563366,0.606276686673721,5.484267970070527,81.0,1236.8603515625,1048.75,0.0008358890367429,0.0,0.0677070119761793,0.0,0.0,0.0,12.44034532574056,0.8374673762984335,60.670138583367645,0.1535845101943279,0.1035933612886014,0.1240188984142371,0.1377063710041933,1241.3671875,1051.875,0.0677070119761793,0.0948426611533837,0.1028845941945362,0.0846557863897144,False
26,0.0023735894097222,-0.0058678521050347,-0.0594075520833333,-0.0704142252604166,0.0794766435986159,0.0498976129974048,0.2541360294117647,0.1505916819852941,0.0583910034602076,-0.0346020761245674,0.0,-0.2941176470588235,0.001400285294167,0.0034013194495478,0.0011974874718777,0.0015392967514013,44.10860555443738,0.0014782089604292,0.0126668292967164,0.028884683879163,0.5732222889117067,-0.0249959575844226,-0.0621801970571214,0.1443278967512078,0.8643702711388405,4.87439310899558,59.0,1209.375,1031.2921142578125,0.001400285294167,0.0,0.0826168323558572,0.0,0.0,0.0,8.239137012147566,1.199329467950056,47.936899621426285,0.1396463900363994,0.0900089108276346,0.11448145964954,0.1424418840922802,1212.5390625,1035.0,0.0826168323558572,0.0816316667891476,0.0541863081024696,0.0827372003878252,False
27,0.0226300459221818,0.0268203924935461,0.0536507209887846,0.0635843442435339,-0.0234830960417046,-0.0095885863187176,-0.5207370107576105,-0.1683222705424582,3.609054958637389,0.4677458985560926,4.40239882805347,0.5590551181102362,0.0041455291293739,0.0025484088690188,0.0050589724008049,0.0026064205978144,36.78491255671948,-0.0340899357731711,-0.0037413567730995,0.7645716319851144,0.5551045318327952,-0.1487031019313623,-0.0406510673100844,1.1595754234685158,0.291466343520011,13.468824141335933,57.0,1224.5992431640625,1038.004638671875,0.0041455291293739,0.0,0.2362951603743146,0.0,0.0,0.0,26.52041356623435,1.1367940945133728,47.936899621426285,0.4652704134427078,0.0995884361377126,0.2122673110516676,0.3792110542356899,1237.5,1041.875,0.2362951603743146,0.0645594839584316,0.1821230064289772,0.1416153070368662,False
28,0.0177856714105261,-0.0835080358283855,0.2544160730698529,-1.4764547909007353,-0.370080017301038,1.398079314446373,1.07421875,-4.0581629136029145,3.24512732482699,-8.431782547577855,7.527573529411764,-19.558823529411764,0.0383034040887869,0.0178263259547496,0.0284482248624083,0.0351588051414323,23.647443786462517,-0.0252895591098127,0.0618184965241612,1.509183140674715,3.856730109005752,1.1761763611306115,-3.5126249139959147,6.911562486518944,-1.2500027652111638,331.28614196391857,93.0,1302.9376220703125,763.7392578125,0.0383034040887869,0.0,3.562216580257189,0.0,0.0,0.0,523.1250008037646,9.83312685918815,26.964506037052285,5.62500000864263,0.715971711259486,2.3583688639057625,5.211841929724073,1198.4765625,1078.125,3.562216580257189,0.6952267122352349,1.593100592294867,2.8302838138853046,False
29,0.0656590445231401,-0.0716924436364619,0.1997357536764706,-0.2367302389705882,-0.097318339100346,0.0346020761245674,-0.6617647058823529,0.4411764705882353,-0.0052524594699635,-0.0026011186487534,-0.2259712219238281,0.0529937744140625,0.0030971410039335,0.0015361769545848,0.0045815558734013,0.00320676587788,24.34295683900553,0.0253350781803175,-0.0058115946242828,0.0511948480238061,0.388937728678785,-0.1446761243483599,0.0892664965461282,0.2496285557003466,-0.5005436091995636,10.41878233723236,58.0,967.1484375,808.125,0.0030971410039335,0.0,0.1796341782281441,0.0,0.0,0.0,13.27745841589974,0.991225069454034,18.725351414619645,0.2289216968258575,0.1353336082968601,0.2405137531487474,0.2329378669456094,976.2890625,803.125,0.1796341782281441,0.0433969989670221,0.1683721783475011,0.1827856550391642,False
30,0.0005249999999999,-0.007378125,-0.0778125,-0.0922265625,-0.2579116821289062,-0.1834030151367187,-0.439453125,-0.3125,0.0742340087890625,-0.0158348083496058,-0.49407958984375,-0.2195892333984233,0.0022625894183395,0.0037315157234998,0.0018419615266408,0.0029301834827168,32.20760443314579,-0.0021595259672099,-0.0003032410455671,0.0687667764955369,0.2520709643641804,-0.1590740300958806,-0.0531826155555435,0.3079331837167231,0.418224329579229,10.77218822071449,69.0,887.34375,455.625,0.0022625894183395,0.0,0.1561186698654273,0.0,0.0,0.0,16.959511051970512,0.8627839587538617,36.7016887726545,0.2457900152459494,0.1025209981308402,0.2131308552386247,0.2766286218464226,897.1875,460.0,0.1561186698654273,0.093287893087496,0.0920980763320412,0.1699506419975762,False
31,0.0342014731015732,-0.0618621484804108,0.0988784618905928,-0.1757839322499428,0.0583910034602076,-0.1038062283737024,-0.2481617647058823,0.2941176470588235,0.0583910034602076,-0.0346020761245674,0.0,-0.1470588235294117,0.0006571309609888,0.0021311968957663,0.0019586448848504,0.0011293733507102,44.56633636679474,-0.0005219473892422,0.0109387453557294,0.0560020323627157,1.5427777578469717,-0.0621470996851062,0.0461220444542853,0.2798725427282182,-0.6966638193881554,15.584517870810922,154.0,284.0625,442.5,0.0,0.0,0.0,0.0187752190676954,0.1752338500339183,0.1752338500339183,37.90283600883588,3.0790473153257536,65.91323697946113,0.2461223117456875,0.1505640970012224,0.3106532124018542,0.2671638578996838,296.015625,432.5,0.1011981679922787,0.1072700703163239,0.1777470233001822,0.1397599521503891,False
32,-0.0908204180971561,0.1727038320785579,1.2424603630514706,-2.5032743566176405,0.22174072265625,-0.6307373046875,0.439453125,-1.25,0.0,0.0062406619622537,0.0,0.0367647058823529,0.0009220384079848,0.0182604000528786,0.0065496920593095,0.0025946315215539,71.4181266963028,0.0009505641560496,0.0033422046487498,0.5467407861388899,35.85855402306394,0.2405674279379887,-1.2544454318700324,2.5990980317189685,-1.3758805872116786,942.4348196078762,1011.0,1241.792236328125,741.6611328125,0.055557472020471,1.5819676875674955,1.4028261685168928,0.0092384486324225,0.4979355879938903,0.3880148425617476,1557.6862660496804,77.14099931046698,90.63070084675908,1.540738146438853,5.318355245261526,3.892599051783482,2.490329630089647,1059.2578125,1666.25,0.9321808304726767,3.524257210205588,2.416836369885209,1.5438057553246158,False
33,0.0420418307266405,0.0303638361635723,0.1861266695389918,0.1102972856527358,-0.084221097424781,-0.1398429474616133,-0.2516946231617647,-0.4474666819852941,-0.0329311067257785,-0.0585464424740484,0.1082045611213235,0.1923540900735294,0.0013789372704347,0.0030673076749136,0.0015713969002958,0.0021067147933907,26.46516333266243,-0.0008274967125541,0.000209717365652,0.0443020588522313,0.8991175342089911,0.0538975365227124,0.0925120341322364,0.2243115831625737,1.026145540069879,9.499498856025248,83.0,468.984375,1430.0,0.0013789372704347,0.0,0.1144517934460873,0.0,0.0,0.0,17.05871521791789,1.6885142369722257,36.7016887726545,0.2055266893725046,0.1245247186494645,0.182099386341675,0.2244002455142296,464.0625,1421.875,0.1144517934460873,0.0930414165209111,0.0883910756416416,0.1453633207439584,False
34,0.0432610371533562,0.1317637106951545,1.7728004455566406,-7.435295104980469,-0.1445958754595588,0.2136395200313581,1.9993609260110292,-1.9487232881433825,-0.3453787305363321,0.3069988105536332,0.1865521599264706,-0.1658432904411764,0.0069824777176221,0.0419721575125435,0.0207982833120934,0.0115075433237697,56.05348830732687,0.0045187593507882,-0.0302891637527638,1.2769057562122414,43.92195245667958,0.7683349586008554,-2.568645853837756,5.870612476815761,-1.2710588125945008,1029.6082343296932,384.0,1197.3321533203125,784.4228515625,0.3048768024571671,2.759403687310744,0.71135439479569,0.0125614004634816,0.3316396188880234,0.3265964120505231,1804.1085506304896,119.08662003887166,52.430983960935,4.698199350600233,6.768108699088442,7.117305394649929,5.809390266598733,893.3203125,1768.125,2.6812714435669096,4.574965168867244,4.367639495539632,3.383217737188313,False
35,0.3076171875,-0.0390625,5.2734375,-26.71875,-0.0723669982698961,0.0357164429133305,0.6667336856617647,-0.3563519646139773,0.0,-0.0044252600224372,0.0,-0.1482579848345588,0.0046829844027202,0.0380284396294326,0.0149093289812156,0.0074663555307849,59.84863929550048,0.0092166108794188,-0.0204091125107893,0.9801477519025604,18.225860571292475,0.5931882361704747,-2.0391739649157974,4.393744206289679,-1.2789266362182763,869.9158656337117,431.0,1134.4921875,838.125,0.0777740840947297,1.1098142986956256,1.011063093231487,0.0054378938076527,0.1811354553117304,0.1794504956525411,1464.6056367034396,56.99280532538833,60.670138583367645,3.3981569297063565,7.302983694138413,5.819861103094817,4.226159542580045,884.1796875,1671.25,2.018366277572417,4.297213678125891,3.488782981604466,2.5012291028129425,False
36,-0.0056466831979254,0.0066923652716153,-0.0771717965665696,0.0914628700048232,0.0,-0.0030658689065446,0.0,0.0038317940656317,0.0,0.0065460205078125,0.0,0.0,0.0006394995639962,0.0087562996788858,0.0013070014025517,0.0006506696508985,12.412232937690732,1.4410465330565171e-08,0.000911754852596,0.0017982197880184,0.0474410508287016,-0.0110245423666528,0.0196791293960963,0.0246438854014184,-1.0584068664841588,2.1512765332834944,58.0,853.2421875,1408.75,0.0006394995639962,0.0,0.0370909747117843,0.0,0.0,0.0,2.3652380012076817,0.3064132747703493,20.972393584374,0.0407799655380634,0.1196701415342657,0.0564114594425654,0.0411345739340466,854.296875,1406.875,0.0370909747117843,0.1196701415342657,0.0535870575046205,0.0374135049266694,False
37,0.0088309924688365,-0.0104676138331024,-0.0271253083881578,0.0321366159539473,-0.5013427734375,0.1273269653320312,-1.23046875,0.3125,-0.0141950033115268,0.0057137565216803,-0.3121768727022059,0.1045496323529411,0.0040514758301955,0.0056371614728211,0.0044776834720981,0.0042897478807006,32.752341928843805,-0.1262344758421728,0.0408244636662096,0.4174740280630263,0.4740393609009782,-0.2511039409642819,0.0557033496945802,0.7369588373947628,-0.2755632687988223,20.42348966001595,71.0,1132.7689208984375,897.4320068359375,0.0040514758301955,0.0,0.2876547839438866,0.0,0.0,0.0,30.897647570971365,1.1395361200183585,47.936899621426285,0.4351781348024136,0.1071060682648479,0.3496517719107717,0.3952977725353994,1152.421875,891.875,0.2876547839438866,0.1071060679836019,0.1970180727723183,0.2959926037683471,False
38,0.0958928534375874,-0.0777658958331946,0.1711473008487355,-8.823273447934168,-0.0187789758596453,0.0983337613538062,0.6914995978860294,-3.250201056985294,-0.4022770800525762,1.3088969856666386,-1.0066200912727477,3.501281762352822,0.008275611119759,0.02353667211994,0.0173187635427905,0.0118301018083994,46.67189810363867,0.0033823249436958,-0.0331709403105467,1.150348592540025,20.402581525899603,0.3707146367609331,-2.474205040898244,5.301830749935887,-1.4223760690161389,790.1636253257157,309.0,1334.30712890625,164.14849853515625,0.1645757337370021,0.7825619038155941,0.2743062827691684,0.0043004561261519,0.0860091225230392,0.0860091225230392,1337.152146254953,46.86313436242616,47.936899621426285,4.327353224126062,2.720271347919065,4.808691375277274,4.91623761572248,1217.4609375,945.625,2.5571638360055524,2.0476904744347864,2.961508565817184,2.902317347591176,False
39,-0.1052326685499567,0.0143187378352076,-2.5650491153492645,0.3468951056985294,1.77978515625,-0.21484375,-7.119140625,0.859375,-0.5839100346020767,0.2422145328719724,-25.147058823529413,4.411764705882353,0.0411187342989777,0.0311865523330465,0.0412282780818736,0.051238474610721,30.010496533830413,0.2142230624602016,-0.0608182430009892,1.91699628558792,2.8685919827668025,-4.620004533356312,0.733665744357639,8.744817613416679,-0.1636222472360022,479.6089168632769,108.0,666.2109375,898.75,0.0411187342989777,0.0,4.440823304289601,0.0,0.0,0.0,734.43535831196,7.308200497863554,36.7016887726545,6.800327391777408,1.3196504157461075,3.764296630823623,7.396258274065807,1139.4140625,820.625,4.440823304289601,1.309835197987956,2.3912401287486715,4.496176147090776,False
40,-0.8868307464536408,-0.1273486034469169,-4.152705300741554,-0.5859196191522476,-1.0315743944636675,0.2076124567474048,-17.86764705882353,-0.2941176470588235,-0.1751730103806232,0.6920415224913495,-25.643382352941178,7.9411764705882355,0.0338306146583992,0.0157078077388808,0.0317293343950436,0.0401175606884937,33.45596119412043,0.5427748262920934,-0.25196110325082,2.1858706075234844,24.746475644039133,-4.620817884650424,0.7576615373436342,10.279266457687894,-0.1719045891282509,701.511625556566,144.0,530.15625,978.75,0.0,0.0,0.0,0.0169683767587318,0.1442312024492207,0.1442312024492207,1215.864307165117,60.00769226967802,36.7016887726545,8.44350213309109,0.843322613707203,4.379293867506376,7.860584748132474,1221.328125,858.75,4.8716085108094855,0.7016166906413434,2.5304144180047343,4.5232549676276745,False
41,-0.19775390625,-1.2109375,-1.7578125,-7.03125,0.1888959549842826,-0.080306511559388,0.8096818493934539,-12.029503318837262,-0.3342132568359375,1.9121856689453125,4.63970947265625,-9.38250732421875,0.0268681416674902,0.0291854527655917,0.0366005224150138,0.0344120393019511,29.72403150868044,0.0222891733426136,-0.052721571945164,2.548184386960624,22.467396632110432,0.5847741705820385,-3.295225846913288,8.853716095346764,-1.3986574176665554,461.0841791558008,131.0,1325.2681884765625,455.7303466796875,0.0268681416674902,0.0,3.519726558441228,0.0,0.0,0.0,810.9141164429727,49.460273623880205,36.7016887726545,6.190184094984525,1.4394140402089977,3.5753551343469554,6.107759656617152,1246.2890625,910.0,3.519726558441228,1.0798617523268954,2.781639703541056,3.716500244610727,False
42,1.732678687283737,-8.624898626730104,3.722426470588236,-18.529411764705884,-0.2279376872225073,0.4049242883787379,2.554952393261816,-2.006990220154237,-0.0070906378406141,0.0015744535980752,-0.1205408432904411,-0.1938225241268382,0.0072072940718478,0.0335063842383911,0.0235767033604991,0.0105897412954515,43.98280215992057,0.0043492878429688,-0.0188289835544647,0.97373925095131,13.751624412108283,0.6773867420227603,-2.108098539636872,4.499352811803971,-1.238918653200381,644.3392973172655,299.0,1288.1800537109375,431.4458618164063,0.0,0.1183833034691384,0.0,0.0111530934699185,0.3017631111135354,0.2899804302178824,1075.983234499164,40.16875457646916,47.936899621426285,3.598606135448709,5.470300978968254,6.089910514848671,4.293085001965331,1078.2421875,1040.625,2.154980927482493,2.8312894681440524,3.7722725376798594,2.583896876090169,False
43,-1.7776529384731834,5.940985550929931,-5.709185431985294,19.332720588235293,0.02197265625,0.3515625,5.537109375,-6.25,-0.014601552362673,0.0129797912386463,0.1864013671875,-0.1656889073988937,0.0065794116361822,0.0148058793147299,0.0214061439835767,0.0099886600567837,44.729165509530574,0.0083338853227124,-0.0291249774896777,0.986157678812192,13.513987431567331,0.8388684577160054,-2.060796210283565,4.528917402453691,-1.1795289869319427,682.1797160859171,322.0,1243.4765625,445.0,0.0,0.5332057781464342,0.0,0.0021366567665254,0.118228688844218,0.059114344422109,1147.972843955305,52.58143968855801,52.430983960935,3.565133055761817,3.862869929876884,6.052294831493862,4.321125647282229,983.3203125,1075.625,2.118570546850674,1.3806482460985632,3.617638333224464,2.5670856345934148,False
44,0.0,0.0308641975308641,0.234375,-2.5,0.0,0.0030604167793036,0.0,-0.1860710592830882,0.0,-0.0586819118923611,0.0,-0.2083333333333333,0.000327166428502,0.0056614184830219,0.0018533304045542,0.0009183408610726,43.51414995397322,0.0032438109888604,-0.0022474004269917,0.1679773580691116,10.767362831471768,0.0352442754500994,-0.3776037376509864,0.8135402935891431,-1.491126607765049,291.54978242963176,944.0,1016.3671875,748.125,0.000341796875,0.0746841430664062,0.0205078125,0.0034903431263556,0.550829536123797,0.1753897420993736,505.5342112048882,17.798203986835176,47.936899621426285,0.5355235288187375,1.8267166015700176,1.1668054635950984,0.8578876928417146,993.1640625,1038.75,0.3088451085059658,1.1011458949477615,0.7079722145397394,0.5151892230617747,False
45,0.050977071126302,0.0086805555555555,0.1659393310546875,0.0,0.0,-0.0748977661132812,0.0,0.012908935546875,-0.0248355088730203,-0.0289654623868778,-0.0718994140625,-0.085205078125,0.0003730762844207,0.0008963652222014,0.0006503590001589,0.0002516002553435,22.545323103202048,0.0137226634854069,-0.0080971035138087,0.0244384026661793,0.9290456366620552,-0.0280329133230816,0.0404705908743204,0.1243095329317683,-0.8176450458327023,2.5701225233743723,83.0,887.34375,838.75,0.0003730762844207,0.0,0.0309653316069201,0.0,0.0,0.0,9.143917830182197,2.137316027754156,26.964506037052285,0.1101676847009903,0.0629004343246661,0.0936988579841182,0.104873544494885,889.1015625,836.875,0.0309653316069201,0.0358546088880582,0.0338186680082667,0.0189958192784414,False
46,0.0194636678200692,-0.0346020761245674,0.2481617647058823,-0.2941176470588235,-0.0448488003625639,0.0219723209892204,0.1563057907988098,0.0,-0.0538177912915487,0.0,-0.1076081928453827,0.0,0.0004437931610603,0.0019030015444486,0.001254449761999,0.0006726157822054,41.077507734807725,-0.0010069266649705,0.0008273502680706,0.0250680367147767,0.4069308348853523,0.0508790931549668,-0.0259484148211055,0.1282488385069663,-0.4899573262537283,7.96875,134.0,259.1015625,376.875,0.0004437931610603,0.0,0.0594682835820895,0.0,0.0,0.0,14.909759957910728,1.6849508846507353,52.430983960935,0.1112668653575427,0.1018838196437791,0.1319922428856179,0.1337979443084208,252.0703125,380.625,0.0594682835820895,0.0699353067584863,0.0928292823879287,0.0739877360425946,False
47,-0.3553673767301037,-0.4211721453287197,-0.7444852941176471,-0.8823529411764706,-0.4287744140624999,-0.3587158203125,-1.1953125,-1.0,-0.1395739618241539,-0.0620335055138824,-0.4963377854373115,-0.2205945713054717,0.0023681590070329,0.0030504321087966,0.0043626503738813,0.0031423206804128,36.45201742045957,-0.0165746695104438,-0.0172486498525693,0.3259858103470228,1.1724306314696642,-0.2601544369307957,-0.197646106997443,0.8044751424360372,0.6578909860605832,49.79054312286713,145.0,1271.9296875,350.1806030273437,0.0,0.5814754245074252,0.0,0.0085136473667942,0.1021637684015313,0.1021637684015313,81.25785100933857,2.885566980227215,47.936899621426285,0.560398972478197,0.3566103204166382,0.6356716293049504,0.5983383369161599,1311.328125,380.625,0.3433830560197733,0.1509963893854353,0.3664626314060357,0.3749833454732168,False
48,-0.1055409926738401,-1.5060271246519796,-0.3954957429277671,-6.445115810674723,-0.0001052220662434,0.3178702990214029,0.3564300537109375,-5.100212097167969,2.4324264526367188,-4.115074157714844,5.44921875,-9.21875,0.0142610256794044,0.0210092301716209,0.0273680326695493,0.0199695915902728,40.72417166912833,-0.0267949552077674,-0.0570527657433328,1.7427305221110942,34.39287417875136,0.5962852395251751,-3.0556596224164108,6.767947865707416,-1.364633109749496,547.8515625,196.0,1240.3125,421.875,0.0,0.0,0.0,0.0177059796978065,0.1593538172802588,0.1593538172802588,925.0661601859746,74.41764705882353,47.936899621426285,4.719725307071299,1.4627724801794113,4.433154248525346,5.258805024313815,1128.1640625,958.125,2.7951610331632653,1.1485062924508085,3.0378516263199726,3.075317104902018,False
49,-0.0492079936974299,0.274152567937089,0.9961727366727942,-6.132026223575368,-0.0631209112781141,0.1679096155925607,2.010067210477941,-1.7247099034926436,0.0413687418901384,-0.0382377862105329,0.9844037224264706,-0.9241261201746356,0.0088619591481649,0.0317222671005437,0.0217280665592676,0.0126209933290894,37.012255576604325,0.0144310062581768,-0.0378196597447697,1.2254345154771578,43.96300475186703,1.1052055900891855,-2.2117234219541744,5.808192611195151,-1.1247366354511072,735.0463395853969,288.0,1367.578125,291.875,0.0,0.1448389402123845,0.0,0.0014686047800548,0.293497094482249,0.0458938993767145,1347.4718928531638,105.38454677822466,47.936899621426285,4.678721850184597,3.7096950033095166,6.106778310797352,5.129081493101994,1050.46875,955.0,2.5522442346715173,2.981893107451117,3.4982187160420977,2.877586479032401,False
50,0.0219668365306182,0.3564141571919362,0.8069449829822067,-9.451208478738527,-0.91498046875,0.8139637586805505,-2.455208333333333,2.182405598958318,-0.0971908569335937,0.1542510986328125,0.402252197265625,-0.47674560546875,0.0055247987043638,0.0270566109763951,0.0154461008062464,0.0086142852109622,34.641900117046355,0.0041821640544502,-0.0042250404621427,0.7785115714165608,22.38485902838747,0.5385991277692282,-1.7401112854057434,3.7070981421281033,-1.2938285217144647,627.4458640558937,337.0,1306.7642822265625,415.21673583984375,0.0,0.397773563695806,0.0,0.0073165396729337,0.1512090819954873,0.1512090819954873,1034.9583084765247,64.79073823286308,40.44675905557843,3.071092903491172,3.4493183767858584,4.755096128925625,3.771542121478314,1135.1953125,1018.75,1.8618571633706045,2.651547875686725,2.8845593255665185,2.282785580905008,False
51,-0.3114186851211072,0.4152249134948097,-2.068014705882353,1.911764705882353,-0.2141003460207613,1.107266435986159,-5.625,14.117647058823527,0.412271798985786,-0.1653323934253411,-0.8899551936581793,16.379776829951314,0.031639483392096,0.0109268928421006,0.0290857789928948,0.0346956076269329,41.11692952725955,0.0770180571848729,2.217917476173547,25.05417144592048,20.59285152179824,-0.8434499289479878,3.3589092056470795,21.21754561135616,-1.351210954115635,534.7072693264232,130.0,1015.9102172851562,1075.6177978515625,0.031639483392096,0.0,4.113132840972487,0.0,0.0,0.0,900.1787094756293,48.86128554233212,47.936899621426285,6.924451611350994,0.5800747529274317,3.023153301760963,5.24827495409416,1132.3828125,553.75,4.113132840972487,0.4234170976313985,2.0869046427402047,3.8165168389626247,False
52,-0.0207256946321727,0.0603239476703671,-0.3622651941636029,1.031393612132353,0.0061371404096596,-0.2144845554029796,-0.0550697728207236,7.319323087993421,0.0984375,0.975,0.3515625,25.0,0.0513883636492402,0.0160173204124308,0.0514405168372478,0.0481220839621388,31.8330974048534,0.0013770901142338,0.0068823314358011,1.649371503273206,5.521992430892538,0.0364461831978807,5.421971475818218,8.781190231864935,-1.5594255230830638,463.7799819343936,95.0,889.1015625,1246.875,0.0513883636492402,0.0,4.8818945466778265,0.0,0.0,0.0,737.532452166732,10.918105200859657,36.7016887726545,7.7634994964919155,0.5689612525398346,3.7949842989011056,7.307399084170108,894.375,783.125,4.8818945466778265,0.5606062144350809,3.600836178607351,4.090377136781799,False
53,0.6529496664819421,-1.2008551891287305,1.942928538602941,-3.640797334558824,-0.0915371059958906,0.3245072414305796,-1.772238338694846,6.081593232996323,0.0812386088197742,-0.4160912345360384,-1.52789306640625,9.781587488511036,0.0406692761819827,0.0062274001962701,0.0392437907558085,0.0476745757865588,33.088797440892584,-0.016208706376418,0.120748873204681,1.6795040819367513,9.804329412446307,-1.174338279454832,5.194916636766366,9.057303894489184,-1.3398338229016489,575.917620013057,119.0,919.3359375,1220.625,0.0406692761819827,0.0,4.839643865655941,0.0,0.0,0.0,980.4531200888786,23.62635249719768,40.44675905557843,8.239101849486374,1.1078110478952086,3.2925517504902726,6.0027072071089895,1051.171875,660.0,4.839643865655941,0.2568802580961426,2.786309143662405,4.958155881802117,False
54,-0.06591796875,0.5078125,-1.7578125,15.15625,0.151198232050173,-0.5607563797577856,0.4771513097426471,3.4991383272058822,-0.0457687377929758,-1.0306472778320312,0.0805969238280965,1.814910888671875,0.0078581516441586,0.033331182128288,0.020388722834292,0.0128203665355401,24.04527176523465,-0.0015456902306653,0.0075568710182915,0.9420565874166243,17.889587553685367,-0.0673620152190456,2.1516638581181424,4.4212987976629,-1.530848937596544,598.6025596454316,276.0,985.4296875,1361.875,0.0,0.0,0.0,0.0111838574758103,0.3131480093226887,0.3131480093226887,990.498128786868,40.79310855298254,18.725351414619645,3.5887613361843047,3.7110966225346336,4.6998508849138805,4.422175364242869,1009.3359375,763.75,2.168849853787796,2.4665074774933133,2.976753533806634,2.7179177055345174,False
55,-0.1781669009515634,0.7126743620242214,0.235437729779385,-0.9417221966911764,0.099756788629974,-0.2887866802281574,2.0540627872242645,-6.090497185202206,-3.035081075254176,4.931528306128588,-10.560926649305555,17.003770616319443,0.0240914329311404,0.0145457505794041,0.0349700044705491,0.0248099570870659,30.70957631997621,-0.0042609701744861,0.0196012408622641,1.3775071492296416,14.286528682005832,1.4250162991242583,-3.308229627462498,6.889163813188244,-1.1708760086398236,578.7966761706492,155.0,1230.46875,387.5,0.0,0.0,0.0,0.0071809383756211,0.186704397766151,0.186704397766151,915.3309858496464,34.09653467270682,36.7016887726545,5.905361199029977,0.8091589024683258,4.195090550670448,5.7829444762081605,1005.1171875,920.625,3.734172104326769,0.6254672749143781,3.2871804202316217,3.262509356949176,False
56,-0.1131145269350269,0.4281196210557707,1.8449639214409723,-6.85969712999132,0.590357374567474,-0.185208964100346,1.40625,-0.4411764705882353,0.0,0.0132548429528053,0.0,-0.2004307338169642,0.0058503805505761,0.0415293715149673,0.019043312754052,0.0084208750784584,35.42212309265551,0.0036765326777154,-0.0006165388845463,0.8539814937832025,10.049049308150712,0.6188326705234891,-1.7947244998875622,3.985288434905609,-1.247418662797871,660.4845626378486,336.0,1206.2109375,387.5,0.0,0.955108985324292,0.0,0.0042729263130242,0.0811855999514587,0.0811855999474606,1090.6892977137509,30.180256856252704,47.936899621426285,3.246099100338544,5.198258145524476,5.5631213875169365,3.787336496392717,996.328125,1013.75,1.9657278649935968,4.319054637556608,3.399231326598289,2.282057146262248,False
57,-0.2591320420631409,1.734364862673001,-0.8707778033087967,5.848144531249973,-2.94475196389591,7.1369014066808365,-9.043121337890623,21.74179077148437,-3.040867027983714,3.7823659612185514,-10.499067826704543,12.616155450994308,0.0377961729445812,0.0026754818364663,0.0227536999607148,0.0358639494390166,22.94348320696555,-0.0272426461304136,-0.0050758660715702,2.077632244921743,21.17282841048613,2.427236994993778,-4.439631794296855,9.965968101597396,-1.0584006602438718,668.5765032166978,133.0,1275.94482421875,411.037109375,0.0377961729445812,0.0,5.0268910016293065,0.0,0.0,0.0,1098.3542432383522,52.74676472307285,20.972393584374,8.25830258073949,1.2106042497116278,4.808036135914589,7.795523262993755,948.1640625,993.75,5.0268910016293065,0.1237410349365687,1.8202959968571917,4.106422210767405,False
58,0.3476055633650519,-0.6179646950692042,0.9099264705882352,-1.6176470588235294,-0.7238017188178181,2.122175852457682,-1.9885355631510415,5.8282470703125,-6.336838209751838,11.535029036294707,-22.491394193042115,40.629597174993485,0.0650099066988094,0.0089936083844026,0.0312194305245079,0.0458340071381771,18.975022766814572,-0.9224753458030416,1.3176891093764918,2.4674994272142032,10.744612235315849,2.748194879667728,-5.417104043996898,13.274553770847843,-1.1144247306910848,744.2984217946691,107.0,1233.28125,461.875,0.0650099066988094,0.0,6.956060016772609,0.0,0.0,0.0,1264.6741684551448,30.363541653521164,17.976337358034858,11.81938475191724,0.5950486813543178,3.2991373247388998,9.783090091773596,905.2734375,1130.0,6.956060016772609,0.2922922724930845,1.9668241230440031,4.430624420004841,False
59,0.0939936160640141,-0.1110833342884469,0.7187648097884624,-0.7397785532721555,1.2067474048442908,-2.2491349480968856,10.340073529411764,-16.91176470588235,8.659284439878892,-14.228975183823527,20.762867647058822,-34.11764705882353,0.052648075133129,0.0063980065701586,0.0318627092333246,0.049723350469222,19.73872337352847,-0.2318630366269122,0.2652522724717244,2.4113034301770377,5.978556581825268,3.696591961393936,-5.440481625094628,11.28293209605468,-0.9705894472499786,758.1322819170581,120.0,1275.46875,425.0,0.052648075133129,0.0,6.317769015975484,0.0,0.0,0.0,1099.951884148988,20.695616085312714,19.47436547120443,9.166265701241567,0.2434752207552062,3.2628694951235304,8.286686442906408,847.265625,1050.625,6.317769015975484,0.2239302299555536,2.0631104228577724,4.649133268872257,False
60,-0.1751730103806228,1.176470588235294,-3.556985294117647,9.705882352941176,1.3714981079101491,-4.649635314941399,-2.0726013183594034,7.026458740234403,-0.0374039201175465,0.3563739271724925,-0.7086563110351562,7.055412292480469,0.0283361529452208,0.0250429642667798,0.043560749422826,0.0378580712773952,21.97107899315371,0.0101461658860559,-0.0657000411592159,1.9008825542442416,16.73439923490004,-1.068600318458369,4.650768582903402,8.88058542467324,-1.3410760581146648,799.7595807259146,168.0,904.21875,1386.875,0.0,0.0,0.0,0.0078461774132376,0.0980772176654701,0.0980772176654701,1232.079501211632,39.03641971192509,17.976337358034858,7.333806554831142,2.331698598974092,6.292594462856616,7.887179282279617,1086.328125,608.125,4.760473694797111,1.3711022936061965,4.007588946899995,5.375846121390131,False
61,0.6428881582504309,-5.0119231860942985,2.1371926700367645,-16.579474954044144,-0.031293928416955,-0.5284926470588235,0.0324419806985294,0.5480238970588235,0.0439453125,0.1171875,0.439453125,1.71875,0.0043707494429186,0.0154952585934371,0.0159086703529483,0.0069935901311683,20.13695482895252,-0.0027260881116783,0.0268245248983115,0.7573992733497109,3.2716357043764543,-0.1491102142908197,1.600838214742803,3.4869617712129823,-1.4822209761700824,566.449127802253,360.0,945.1655883789062,1304.853515625,0.0,0.0774227646973419,0.0,0.0,0.0,0.0,996.8747748147704,10.577208623988357,20.972393584374,2.7690965967076955,3.352199306165488,4.853611385476694,3.3795965966234025,995.2734375,740.625,1.5734697994507028,1.661866484146132,2.974921356001332,1.9791860071206389,False
62,-0.1007988213667883,0.0597358888408367,-0.2481617647058823,0.1470588235294117,0.0585782857761939,-0.1041396235079965,0.1647974364843213,-0.2929732204165713,0.0712790096507339,-0.043928653492647,0.271728515625,-0.16103515625,0.0012786186140794,0.0026719514597911,0.0021079510693148,0.0015033005138578,32.30747297402375,0.0095613122057172,-0.001046466054843,0.0455652111969812,0.4106167883460964,-0.038989119561343,0.0921422158770422,0.2453562479750518,-0.9729901157680332,14.36655874779713,106.0,936.2109375,918.75,0.0012786186140794,0.0,0.1355335730924257,0.0,0.0,0.0,24.87087185512653,1.0216079415179138,42.31929419704039,0.2346308665577975,0.1418478837447665,0.2199832489845508,0.2353147826490433,944.296875,906.875,0.1355335730924257,0.0868384224432136,0.1335033961777736,0.1443168493303566,False
63,0.0,-0.4349386353806228,0.0,0.2103343290441176,0.0034805628947562,-0.0011478420569329,0.0159801136363636,-0.0378787878787878,-0.0684601675352591,0.2636996198848071,-0.1977569237811856,0.7617303730830853,3.8520482281177895e-05,0.0022060464773725,0.0007434551282099,0.0001854233640647,41.59368682972386,-0.0001004270199281,0.0041385029012363,0.2299489363343217,26.25764637464976,0.0041382559177889,0.0652517880104031,1.0604188462330189,1.5213366965868458,78.22065433221687,1425.0,1085.2734375,1016.875,0.0008261700893099,0.1058601417115511,0.0567304133665087,0.0042343735407289,0.5476995107245443,0.3091092684732122,1137.579662622419,48.42258757243579,40.44675905557843,0.7983015176297676,1.2779972164339752,0.9101649133090264,0.835081750623842,1081.40625,938.75,0.0548916872506785,0.7522618487840533,0.5271096859008391,0.200875295980358,False
64,-0.1965050365633886,-0.6327736783063382,-0.8685911245152951,-3.1986212839293406,0.1870674740484428,0.9183336937716262,1.7876838235294117,-10.655905330882351,-0.0020052838523632,0.2066163461954639,3.251297800164474,-4.553598504317434,0.0237004626359406,0.0126672493451233,0.0305121458199269,0.0283725328028829,42.856630368068615,-0.0150088175206995,-0.0392648806050177,1.7463294090379848,30.949213027768515,1.1002146179121488,-3.584694068681105,8.156512497473527,-1.2682254528184955,591.6583492436225,158.0,1348.760498046875,523.3435668945311,0.0,0.0,0.0,0.0226367013575457,0.192411961539139,0.192411961539139,1044.4048532877446,66.35024824358962,50.18394179118064,6.610157299289523,0.6954305614419368,4.203900093865054,6.159046693778731,1172.4609375,1088.125,3.744673096478624,0.5742476061155333,2.5630202488738605,3.8586644611920815,False
65,0.0629886178409352,-0.2316034260918112,1.539642333984375,-6.518470764160156,-0.097318339100346,0.2768166089965398,0.9926470588235294,-0.4411764705882353,0.0004350133512351,-0.0006059868800461,0.0017065908394607,-0.0309053308823529,0.0041407755567468,0.0374576077615643,0.0168720429302906,0.0058709467439162,43.3312599968943,0.0076854996165255,-0.0007956044511155,0.6529239016151238,6.198608865414867,0.488034037606429,-1.4601758186572165,3.155612902149714,-1.260156426295862,533.6672945290915,359.0,1311.328125,465.625,0.0,0.5735950024165739,0.0,0.0011787418744723,0.5654837678818773,0.0380144254517325,877.1537677892125,28.209028348135185,52.430983960935,2.443325258465773,4.724467852972078,4.793249313927017,2.8766157293500028,1148.203125,973.75,1.4865384248721212,3.5584727373486174,2.948389502068287,1.7436711829431135,False
66,-0.0108434581756591,-0.0037070655822753,-0.2385978698730468,0.0178451538085937,0.0778546712802768,0.0,-0.3308823529411764,0.0,-0.3402214050292969,0.0,-0.703125,0.0,0.0017581129828899,0.0034633028386038,0.002846057748493,0.0020493462400342,30.388570295725597,0.0027644367224617,-0.0001238049322817,0.0772003059471299,0.3766614731519196,-0.1387590341007008,0.0067859540666852,0.3555571333832072,-0.0805521786096071,15.534686316815517,94.0,1008.9688110351562,1101.875,0.0017581129828899,0.0,0.1652626203916544,0.0,0.0,0.0,28.35852613606212,1.076215725576484,36.7016887726545,0.3016864482559799,0.1498741964397772,0.2949019777634632,0.3245387008580526,1024.453125,1100.625,0.1652626203916544,0.1419954163827574,0.1650713494125962,0.1700957379228391,False
67,-0.0782656682825484,-1.1827064577562327,0.0723170230263157,1.0926706414473684,-0.04034423828125,-0.3107986450195312,0.102294921875,0.788055419921875,-0.0194316007653061,0.0,-0.1506696428571428,0.0,0.0014786310376879,0.0162513688115971,0.0061673358100927,0.0023441768915485,26.487860728316548,-0.0182230297341532,0.0281701697720726,0.4738373456650936,11.953106449349884,-0.0335503862207546,0.903637092019083,1.9259769126668889,-1.5224046080554892,490.5742911599575,576.0,1172.63671875,1265.625,0.0,0.7651704990985725,0.0,0.0037598268181479,0.1595594617473138,0.1190614885501744,814.8458185119875,24.58702864098675,20.972393584374,1.4146628793610896,3.7562080407666576,2.718989832643952,1.730782014476994,1196.3671875,775.625,0.8516914777082595,2.275191633623596,1.677515340345221,1.0525354243052896,False
68,0.291955017301038,-1.1764705882352942,0.7444852941176471,-10.441176470588236,-0.7433161224048442,2.9365606076989623,1.3078182444852942,-5.166676240808823,0.1033429258009966,-0.133696528042064,2.5605697631835938,-4.013771057128906,0.0224658772472395,0.0280130118461084,0.0395718453095696,0.0300151718680608,34.42343768387577,-0.01976911193207,0.0343896800320707,1.4335121080595048,23.33123248644773,1.1413744618760922,-3.576866349023648,6.907804667663052,-1.255295567801644,626.5508505482646,167.0,1387.6171875,440.0,0.0,0.0,0.0,0.0077747898881665,0.0855226887698316,0.0855226887698316,970.3257560886676,48.6283183432768,47.936899621426285,5.810333868794417,2.380786102635108,5.56581525087976,6.218497965325113,1193.203125,1035.625,3.7518015002890097,1.4496733630361114,3.5218942325516998,4.172108889660452,False
69,0.0893030925605536,-0.0285602292387544,-0.1167853860294117,-5.709616268382353,0.9682014371141976,-3.086374541859568,2.265625,-7.222222222222222,0.0323097461478531,-0.0252531268259807,1.0092709189967106,-1.121578818873349,0.0076319330296692,0.0186905909314459,0.0169770576816424,0.0109465119866773,33.705632546315364,-0.0037925281375618,-0.0255799842896681,0.9050073047674532,32.56531402064546,0.6086771959161965,-1.8955655243720144,4.080612874576601,-1.2433432494100949,417.8941249725671,234.0,1396.8692626953125,453.0608520507813,0.0,1.1646615843261223,0.0,0.004,0.05,0.05,712.0653271347921,57.80902150187664,40.44675905557843,3.043014218524753,1.6161475690755494,3.573620483978176,3.217937582139462,1262.4609375,848.75,1.7858723289425944,1.1027448649553089,2.003292806433807,1.948479133628572,False
70,0.0027117362389197,0.0568331938523512,0.0910797119140625,1.5452423095703125,0.0,0.2422145328719722,0.2481617647058823,5.294117647058823,-0.4777103957114754,-10.78296857336164,-0.7085835652556027,-15.955983594551048,0.0157891603411833,0.0190928818387416,0.0169147648501782,0.0127603827277022,5.305516234142233,0.0011742052158228,0.0373641711764137,2.002191565559792,0.1588803340215544,0.0479160708176569,1.0515000659857885,4.642252041564359,1.522045605160412,103.59268099850374,81.0,1340.6341552734375,1168.4696044921875,0.0157891603411833,0.0,1.2789219876358486,0.0,0.0,0.0,204.1514560116279,0.4366608610802467,6.741126509263071,2.5203883458225667,0.8019487935916603,1.7902809699959292,2.285799842596424,1335.5859375,1065.0,1.2789219876358486,0.80190103722715,0.9260833755472576,0.9910574302941448,False
71,-0.0194636678200691,0.4844290657439445,-2.895220588235294,6.764705882352941,0.0147227778979238,0.0477501892301022,0.220559512867647,2.397432215073529,-0.0318568250868055,-0.4189203559027706,-0.08115234375,-1.0581298828124772,0.0088900727003296,0.0246489849114087,0.0198509679368338,0.0124537076370292,38.74707331178989,-0.0018001686944216,-0.0139115205239474,0.705847262684549,10.087115660659617,-0.2151221927384483,1.6625637672384086,3.3332016486241605,-1.444023808211163,310.8769522578262,187.0,1256.20263671875,1047.1322021484375,0.0,0.9270391398533192,0.0,0.0123667423295476,0.1422175367897984,0.1422175367897984,499.7295524236541,27.04568598103476,40.44675905557843,2.672350547720076,2.1324142796704257,3.136699363592281,2.8504179458355705,1295.5078125,738.75,1.6624435949616374,1.2755849691654026,2.104202601304388,1.818241315006269,False
72,-0.0160431647383217,0.0011421388408304,-0.9553509880514706,-0.1947380514705882,-0.1909722222222222,-0.0617283950617283,-5.078125,-0.6944444444444444,0.8869212032143586,0.0159779467613862,2.6157023111979165,0.0510965983072916,0.0058233229317888,0.0042487548855637,0.0058329545286426,0.0058950996755647,38.5508172248482,0.0920891708147099,-0.0241647178891584,0.5755454479125567,9.721112731033484,-1.4227794608993336,-0.0562671024166058,2.705805297929359,0.0346932324862293,324.3357940089108,236.0,949.21875,303.75,0.0,0.0,0.0,0.0053404136263924,0.0934572384618675,0.0934572384618675,508.4181633627708,21.071291401328303,47.936899621426285,2.1543142515371643,0.4479925886783423,1.2071584236022168,1.7936575875554994,1273.359375,315.0,1.3743042119021645,0.3653929201584833,0.7728664750451462,1.143649337059553,False
73,-0.0450553498053633,0.3470953179065744,0.0566765280330882,-0.4366096047794117,-0.0556649468761825,-0.2595033744627216,-0.9529912612017446,-4.489361931295956,2.6025624216338734,4.430876555266199,9.244903564453123,15.688327365451377,0.0175265151462894,0.0074656870923643,0.0219439834166534,0.0160762459401528,27.781612280599333,0.0061540969866508,0.0321054359292397,1.0336322425890958,16.571720574931103,-0.8229655934119716,-2.401976711348761,5.14550651620223,1.2400113058930324,415.65883320940026,154.0,21.796875,403.75,0.0,0.0,0.0,0.0043880859375,0.1097021484375,0.1097021484375,681.4937237409725,41.99799054425666,26.964506037052285,4.425283920395926,0.3851055790882021,2.5068358840258265,4.089759655080396,156.796875,796.875,2.699083332528573,0.313558857879301,2.0188464743321144,2.1140263411301023,False
74,0.0563735961914062,-0.4778366088867187,0.150665283203125,-1.339263916015625,0.0814542671388408,-0.4482904454003568,0.2604262408088235,-1.3889303768382353,0.0,-0.0101930936177571,0.0,0.1102828979492187,0.0004917641823869,0.0023139278085536,0.001439118493304,0.000818831848834,62.781720764165165,-0.007000370803159,0.0139766160025759,0.1588191393121751,4.776774626656045,-0.0230715773922217,0.32876679851268,0.7284847730189479,-1.5184792462043692,208.41015225977213,651.0,453.1640625,850.0,0.0157978612290791,0.5012431851929556,0.2053721959780286,0.0017936681267287,0.1033436358313127,0.0711489816626595,377.97364550853393,10.39405789315995,65.91323697946113,0.580604678200513,0.744864909657302,0.8590482623212934,0.6960030779223315,464.0625,641.875,0.3201384827339049,0.4026234386883431,0.4896600673467123,0.4118724199635285,False
75,0.0219021642019691,0.02595755736701,-0.0620126233251475,-0.0734996337943216,0.1537837982177734,0.0911331176757812,-0.1758804321289062,-0.104217529296875,0.0559445285467128,0.0663048767301038,-0.0103975183823529,-0.0123219209558823,0.0014257783356531,0.0032836981276104,0.0031701036508413,0.00214152313137,47.03019839503416,0.0112379349460134,0.0108800523233018,0.0606182276730703,0.6879208984852324,-0.1343085127976645,-0.1028546989156383,0.2914553665656073,0.6181442259351873,23.72637728360371,129.0,492.890625,646.875,0.0014257783356531,0.0,0.1839254052992535,0.0,0.0,0.0,34.086633430273515,2.003495950091149,60.670138583367645,0.2642374684517327,0.1071327153689397,0.2873068585419727,0.3037590431563789,512.2265625,660.625,0.1839254052992535,0.1050783400835352,0.2060567373046872,0.2120107900056378,False
76,-0.4310073799740484,0.9496526275951556,-1.2551700367647058,2.756433823529412,0.0,0.0,0.0,-0.9375,-0.0156686043117536,0.0172174085660439,0.2548971737132353,-0.4023257984834559,0.0010874534020017,0.0062174681522352,0.0026264710263995,0.001446344461757,39.80348815992323,0.0030985516693249,-0.0082287147996467,0.2761031305881316,18.03539824799053,0.2820497076697292,-0.5793476932107416,1.323351368741378,-1.1220175104371974,375.9804890217045,588.0,1278.28125,556.875,0.0205776995678938,0.6847030787057409,0.3755430171140634,0.006106274999757,0.2254822518575929,0.2060867812418018,638.694154668093,30.36474781997517,47.936899621426285,1.08621454875526,1.7371259737068805,1.3219982774662775,1.073025325300473,1115.15625,895.625,0.6394226003770483,0.9901318032434688,0.7905677789462603,0.6595330745611958,False
77,-1.1199651275951557,0.4684796712802768,-2.8125,1.1764705882352942,-0.108395165119188,-0.0590132158807334,-7.894769970244908,0.8571068894483863,0.8609327692474049,-0.0451178633217993,-9.493609260110292,1.7200137867647058,0.0155664872925478,0.0094579750434109,0.0209560564255558,0.0214322481417164,27.3730591588258,0.0463695207242081,-0.0603127542362966,1.0021126336111548,4.265889169630945,-2.271984221763308,0.4634568565560192,5.07054845118818,-0.198393842471582,383.6983452740129,157.0,775.1953125,895.625,0.0,0.0,0.0,0.0135841021697327,0.1290489706124606,0.1290489706124606,677.0852252603294,10.220736512948436,26.964506037052285,4.312644746881079,0.824335045788033,2.3966139244895643,4.192104148056531,1151.3671875,820.0,2.4439385049300184,0.4208798894317893,1.802220852597801,2.5718697770059777,False
78,0.0194327972240811,-0.0635604636188876,-0.1906810087316176,1.1930649701286695,0.0,0.0015722204137731,0.0,0.3900553385416667,-0.0002526963229894,0.0,-0.0198112936580882,0.0,0.0004209384904135,0.0113427106990873,0.0045669841214102,0.0018848949012985,22.1375265612837,0.0017592081070364,0.004807625663263,0.3276660786503597,10.23533607476663,-0.1574907355090453,0.7407645226139979,1.5337795268558916,-1.3309734959016917,433.6613562862561,1015.0,1134.4921875,1108.125,0.0129248371100989,0.2748180081864508,0.2617279514795042,0.0165047717140045,0.9916545278506044,0.6560646756316822,723.6588043648284,20.1408818452968,17.976337358034858,0.712964339275693,2.706306338878406,2.1544303603234147,1.4652857010232867,1237.5,686.875,0.4272525677697104,1.8602045546503203,1.351827299937448,0.9047495526233064,False
79,-0.0665684472318339,0.0591681985294117,-0.1654411764705882,0.1470588235294117,0.0185374485769568,0.0439436361961014,0.1977478714638835,0.1171839238304495,-0.0389273356401384,0.0,0.2481617647058823,0.0,0.0002970500550707,0.0019002642625287,0.0010490208506299,0.0004198368234212,39.26973696665948,0.0034495520107147,-0.0011614819193623,0.0743892977177779,2.9366868978504046,0.017902086839351,0.0303537344243939,0.2335729503151932,1.183731400306829,6.074376576142607,143.0,880.4960327148438,883.75,0.0,0.1101142522337776,0.0,0.0135841021697327,0.1290489706124606,0.1290489706124606,24.70333130817469,7.169371345166284,52.430983960935,0.1727505685886341,0.1157775024659389,0.1398912113648865,0.1722158372668979,878.203125,878.125,0.0424781578751231,0.0845617596825301,0.0846211006536844,0.0485961123110151,False
80,0.1608607942257785,1.793688500216263,0.5325712316176471,5.996467141544118,0.0336508569420415,-0.0854667478779195,0.3902228860294117,-5.784506405101103,-0.6501312255859375,3.467376708984375,0.91510009765625,-4.8804931640625,0.0295099519561429,0.0040996787978722,0.0338659242044057,0.0356355269515148,25.15806037117133,0.1102690719172923,-0.277991477903504,1.441147075990299,12.822154501785985,0.7026180376531044,-3.976306908483386,6.7951232037506335,-1.4196323217334557,417.8904296509405,119.0,1352.4609375,470.625,0.0295099519561429,0.0,3.5116842827810126,0.0,0.0,0.0,679.099956117623,29.422686216205687,26.964506037052285,5.70672232031616,1.325253529521924,3.236114617280744,5.14947530187774,1289.53125,883.75,3.5116842827810126,0.1855104656037197,2.539944315330429,3.242832952587855,False
81,-1.0121107266435987,0.2076124567474048,-6.865808823529412,1.0294117647058822,-8.549496527777778,1.253532986111111,-18.1875,2.6666666666666665,2.6314319396326398,-0.4598889999843731,7.524611175735642,-1.310413166171212,0.0334658506288742,0.0250547249960798,0.0310706228111809,0.0324862511157294,35.11554135871023,0.0488984185674578,-0.0078489649677975,1.5103736352550348,1.2433931625479668,-4.175093997379353,0.6904299366137265,7.065766994212961,-0.16400841210893,489.973519057348,121.0,733.0078125,778.75,0.0334658506288742,0.0,4.049367926093785,0.0,0.0,0.0,702.3725448116721,3.324180638950967,44.19182933850236,5.804731775303075,1.5269172078901123,3.980688971132501,5.379851015055602,1216.40625,698.75,4.049367926093785,1.0209800435902536,2.2215495309994395,3.2702852560546534,False
82,-0.02954344312694,-0.1395545163487883,0.672858743106611,1.900656307444846,-0.0351210829293628,-0.1248701523545706,0.0552143297697368,0.1963404605263158,0.0,-0.0692041522491349,0.0,0.4411764705882353,0.0012724985214509,0.0138570233994385,0.0055862627817077,0.0029492546651939,32.72081776821315,-0.0025919975571754,0.0001973986150355,0.2618546595928014,2.438220824922181,0.1024232730384632,0.6011289143254318,1.3009579001598528,1.395504510232892,251.9865197103263,445.0,987.1875,1073.75,0.0,0.5074122939377811,0.0,0.011964066547245,0.248974487401813,0.2472583489479586,429.2072380161086,7.982870240948697,36.7016887726545,0.9645106472272104,2.0881029826826905,1.8093774431876668,1.3963481982908612,943.2421875,825.625,0.5662618420456771,1.5935576909354296,1.1340113446866649,0.8722420672311083,False
83,-0.396697258866782,-0.0813757028546712,0.4647719439338235,0.0953297334558823,0.3302595409142513,-0.0462379323569961,6.268403894761023,-0.8407628676470589,-5.922957604743767,1.3333701234995383,-21.08282791940789,4.7510536595394735,0.0214121308826392,0.0082397870443903,0.0292317206237534,0.022437139211028,28.700856804589737,-0.038994614649289,0.0033342359434244,1.151504027588362,7.565849505301393,2.984293720920076,-0.3682031498602919,6.11294668419441,-0.1330210525689255,527.7876141261748,157.0,1196.3671875,810.0,0.0,0.0,0.0,0.0049514495124095,0.1237862378102394,0.1237862378102394,862.7618126143883,18.407963665620244,26.96450603705229,5.495298169518397,0.4397668673603651,3.3370248633695074,5.493218522093971,673.2421875,880.0,3.361704548574362,0.3460710558643956,2.6893182973853214,2.956093091052946,False
84,1.4002723561851211,-0.0672780601211072,3.0606617647058822,-0.1470588235294117,1.3445170577422143,0.1648464532871972,2.398897058823529,0.2941176470588235,0.4218429116641774,-2.2756401510799638,1.0925445556640625,-6.055419921875,0.0026249428026485,0.0065128559955268,0.0043695587348551,0.003177989262376,35.03283289219368,0.0067648103623606,0.0004851738312678,0.6278980011706086,77.3165964030561,0.3796679454331544,0.9628672428951756,2.925034875953169,1.1888658549460114,407.4856209119532,394.0,826.171875,1208.75,0.0,0.2392465973385887,0.0,0.0064488497930604,0.0967327468959071,0.0967327468959071,935.4849279878785,179.10314931967125,36.7016887726545,2.3743272283956305,1.2631480051228632,1.533549068273832,2.428202361875691,674.296875,830.625,1.0342274642435358,0.693619163523613,0.906683437482453,0.9661087357623293,False
85,0.0009821635236374,-0.0919138095805258,-0.0878677368164062,3.50115966796875,-0.0430425347222222,-1.683498263888889,0.1198404947916666,4.686881510416667,0.1217327049965605,1.442751627412654,0.3954957429277671,4.68735695321798,0.0088602258256286,0.0215382221011722,0.0183767681253752,0.0122208047602808,20.025111101046168,0.00304882283225,0.0257037308932874,0.975057036953027,3.492085030645977,-0.013156262489211,2.0233726191421835,4.488901795054734,-1.5446559257300814,497.6700243997373,237.0,822.3046875,1275.625,0.0,0.0,0.0,0.0163217156466151,0.1414561972019513,0.1414561972019513,853.8457716111482,10.315452316908138,17.976337358034858,3.602724774730583,1.7830038348586392,3.8591376786965736,3.8021657652332137,835.3125,778.125,2.099873520673997,1.6369048796890926,2.333849551922654,2.3056594926379583,False
86,0.2188651009001946,-3.1859685244444824,0.6594094669117647,-9.378188189338262,0.0321829656612808,-0.3767497382277947,0.0901579308766308,-1.0685053788052186,0.0,-0.4492446356436093,0.0,-1.4960666232638888,0.0035101079451422,0.0166956170362311,0.0126866162767931,0.0072594051645232,22.450710801317644,-1.416111917956175e-05,0.0017669701753479,0.6326352007065825,3.5326749232651404,-0.0968140351651368,1.324168808695421,2.7283767588530594,-1.4916787466775523,346.0826029592451,314.0,865.9676513671875,1123.75,0.0,0.0,0.0,0.0096775246927969,0.1258078210063601,0.1258078210063601,561.6179340977806,11.36270183986474,20.972393584374,1.7885921468082184,2.9010652840036126,3.033768841255942,2.5432969493942363,893.3203125,778.75,1.102173894774666,1.3231276501213172,1.8945336648949709,1.5571424077902407,False
87,-0.0027210275194636,-0.1145602427551922,0.02490234375,-2.622185202205889,0.1869446044496837,-2.457639163993868,0.9306333476949592,-10.037052994398966,-0.3764932479224377,1.094188235803324,3.910670230263158,-6.776290090460527,0.0154798459641158,0.0162847677699507,0.02063768804745,0.0203021268076178,23.76679218009416,0.0046343789445702,-0.0093626060476149,1.2211026138124892,13.389135570099125,0.5198743474324361,-2.7748530281855293,5.94969181676881,-1.3688700289008653,535.5407509745504,186.0,1049.5938720703125,434.09033203125,0.0,0.0,0.0,0.003839772751629,0.1036738642939856,0.1036738642939856,903.6862430445468,36.86958103659491,20.972393584374,4.858528188411543,1.0654299429737382,3.1089307644747306,4.83908863678681,942.1875,958.75,2.87925134932554,0.9933708339669968,2.173834794832055,3.0047147675274437,False
88,0.917718695934256,-0.1315723669982699,-1.228372012867647,0.1761115579044117,7.809102305903981,-0.8637678416955017,26.52429917279412,-2.934038947610294,5.946599424274918,-1.1180190319762164,20.391357421875,-3.8668077256944446,0.0243306550218156,0.0198010712621741,0.0196076224498428,0.0250130953714587,28.80299508503312,-0.056094840701859,0.0043511204527887,1.8220036125947543,4.50422164043155,-3.798491300817631,0.5950273611454509,8.814367741602785,-0.1499261971443797,615.1032896065226,159.0,550.1953125,760.625,0.0,0.0,0.0,0.0117846716659728,0.3064014633152953,0.3064014633152953,1106.2482990390745,11.587111674157631,36.7016887726545,6.957536471943865,1.16518882340392,5.03017005267538,7.01970385108067,1158.3984375,668.75,3.868574148468696,0.8514460642734878,1.9068412832472204,3.2892220413468194,False
89,0.4614646410034601,-0.1157006920415225,-4.160098805147059,0.9788602941176472,-1.7056255406574394,0.4756433823529412,-4.21875,1.1764705882352942,1.382637023925783,-0.7383526072782733,4.290252685546875,-2.3058776855469034,0.0038627738920394,0.0151118639968478,0.0080614612319688,0.0047522238280292,43.95684453643654,0.0250075359283659,-0.0010794638335739,0.6101901193833845,10.66845847679174,-1.2912977466921922,0.4305660757027818,2.917504201693021,-0.3147921709245537,500.615496408312,360.0,452.109375,970.625,0.0,2.303964587378992,0.0,0.0203209492643406,0.4215570913357366,0.4064189852868127,852.8648380479759,20.702124514159312,47.936899621426285,2.369068994577711,2.452996058564497,2.6516212520512723,2.4050526287482348,928.125,815.625,1.3905986011342,1.4658508076942458,1.5276469034580973,1.3591360148163731,False
90,0.2385177612304687,-2.897529602050781,-0.100616455078125,1.222381591796875,0.1704148641959366,-1.439890963972125,0.4225186434659091,-3.2549272017045867,-0.0564115547839506,0.1002905574845622,-0.15625,0.2777777777777778,0.0041108785723741,0.0281199656781258,0.0120288210388841,0.0066775583063587,26.56387061143717,0.0048933053526716,0.0002787602957536,0.6296684147554441,5.492953743007975,-0.0918994484283786,1.2322643031520384,2.605346081777564,-1.519046093049591,374.9285693148142,302.0,884.8247680664062,1010.0516357421876,0.3106718745626202,1.387851886825792,0.5178117401462422,0.0016747537132366,0.5227010173318376,0.0523360535386458,619.9602762490863,19.99234096871507,26.964506037052285,2.052848596851279,3.1977150906886247,3.312404058490657,2.532402325424243,904.21875,635.625,1.2414853288570007,2.165237357215693,2.0418923713505905,1.5825813186070226,False
91,-2.0180140300605536,0.5459356076989619,-3.8051470588235294,1.0294117647058822,-0.8953287197231833,0.1730103806228373,-18.363970588235293,1.911764705882353,0.3955078125,0.4296875,-22.5,6.25,0.0252448773874866,0.0088472160062435,0.0296665037855144,0.0346442980810241,32.00332787225902,-3.5436927404849684e-05,-0.0102201612969732,1.904577232435791,7.314035391226787,-4.207640486921409,0.7636420044622263,8.56503428766514,-0.1831709998161578,638.2157452330512,159.0,383.90625,911.875,0.0,0.0,0.0,0.0089739460800147,0.1211482720801986,0.1211482720801986,1032.6378070327569,20.991597385078432,40.44675905557843,6.494577402721742,1.2698486930907922,4.639101979092165,7.059980241768916,1011.4453125,795.625,4.013935504610385,0.4644788403277859,2.662568714749925,4.2612486639659695,False
92,-0.3145139489619377,2.795672037197232,-0.6617647058823529,5.882352941176471,0.0973453719723183,-1.8747972534602075,-0.0826056985294117,1.5909352022058822,-0.8396788194444444,4.478289930555556,-1.3125,7.0,0.0102306328377796,0.0126907986837345,0.0207076590171464,0.0123267256709965,35.28391216554758,-0.0077202251525258,0.0309119682771784,1.1537590554778794,3.694382430012845,-0.178429178679453,1.84301762409912,4.47703049607894,-1.466858423701383,385.0400974826732,194.0,645.2470703125,1158.587158203125,0.0,1.8522262067758457,0.0,0.0062413536232526,0.1123443652185475,0.1123443652185475,655.8072378893254,8.90181645685785,36.7016887726545,3.3804496798418837,1.635357199027178,3.333673111783339,3.430150875924914,685.1953125,775.625,1.9847427705292435,0.7551025216822083,2.112181219748936,2.0030929215369397,False
93,-1.3334907610936149,-0.443264865545253,-4.286922679227941,-1.4113338694852942,-4.414498405060554,-0.2788271788494809,-13.026769301470589,-0.8356215533088235,-2.170907668125482,0.1912733478310667,-5.486545138888889,0.5133599175347222,0.0203768585013401,0.0028193192931356,0.0198665403663492,0.0251480310222075,25.58474330123821,-0.0397164242219112,0.0012652630374139,1.1230601687813628,7.074082272085001,2.832274746312527,0.136780064664512,5.280935123986389,0.0469308791733261,371.368246186925,135.0,1246.3499755859375,620.5472412109375,0.0203768585013401,0.0,2.750875897680926,0.0,0.0,0.0,572.9052940785562,16.148675215811345,36.7016887726545,4.243742919100416,0.9929345594042098,3.4728691463786654,4.605924644671657,875.390625,603.125,2.750875897680926,0.1247548787212536,1.5545567836668257,2.8040054589761447,False
94,0.0019059479322675,0.2262591459709848,-0.1875829709315633,8.003364614328222,0.0,-0.2777777777777778,0.46875,2.5,0.1120478752162629,0.3983901924740421,0.2481617647058823,0.8823529411764706,0.0042169032329809,0.0208250351372672,0.0131968238667627,0.006968034525344,26.3167100962222,0.0065304199562319,0.0348017640104465,0.5083821773240514,2.943505319975956,0.0371749989494826,1.0705610920086153,2.434187000278305,1.5498290052097066,285.0626585495133,260.0,727.03125,1013.75,0.0,0.0,0.0,0.0047197037213416,0.1132728893121989,0.1132728893121989,515.5530259559685,7.358065683866756,35.95267471606972,1.9828962536768016,1.881296052515132,3.2209350711224287,2.451633419805588,721.0546875,728.75,1.0963948405750512,1.5410526001577785,1.8277601055466364,1.3970909223314742,False
95,0.4603123648356401,0.5951489511245676,0.9099264705882352,1.1764705882352942,4.385245458477509,1.5451516544117647,9.181985294117649,3.235294117647059,9.903989376081316,-1.5038116349480968,23.24448529411765,-3.5294117647058822,0.0221004956180106,0.0034346709985648,0.0126598152571066,0.0230540284109333,28.200379230417177,-0.0015698989399978,0.0147940528528416,1.4691393519946137,20.95492879475692,3.561428422194261,0.0002529368681066,6.77277012713266,0.0013266990557741,471.09416459351576,146.0,1096.171875,795.625,0.0,0.0,0.0,0.0072542320758483,0.0943050169860289,0.0943050169860289,751.082078801572,53.27297067820837,26.964506037052285,5.144397800010768,0.46058609334726,2.267717134742921,5.050305727350054,625.078125,795.0,3.22667236022956,0.17688555642609,1.069754389225508,2.7319023666956044,False
96,0.0896901289621989,0.0097562472025553,1.826114654541016,0.2509078979492187,-1.3208279079861112,0.0328414351851851,5.2281494140625,-0.1299913194444444,9.190436445717992,-0.9113119052768164,20.762867647058822,-2.0588235294117645,0.0389445314871372,0.022216681116092,0.0319978277619694,0.0361868636623741,22.36341968946004,-0.0983815924067299,0.0097442155286991,1.5364229542078611,4.303451795874064,3.703161631422995,-0.2291697369458851,7.184012034968811,-0.0554708192413769,344.1138802203451,94.0,1074.8345947265625,767.7965087890625,0.0389445314871372,0.0,3.660785959790905,0.0,0.0,0.0,554.8031981213218,10.371081894365208,20.972393584374,5.902161682141721,0.8989163151634585,2.781311202234191,5.538067449382122,731.25,786.875,3.660785959790905,0.8886672446436823,1.8558740101942288,2.985416252145867,False
97,0.5060553633217993,0.2076124567474048,2.398897058823529,1.0294117647058822,5.561712667603806,0.1734631812283737,14.145220588235292,0.4411764705882353,-3.1460288732220305,0.2422110339005729,-8.905001938735944,0.6747662746111758,0.035527874346451,0.0091910982450205,0.0226377340526795,0.0304455099725672,29.12342890603196,-0.1549795026925014,0.0074066142394169,1.1665868344387906,6.810681107700142,3.9943758311044615,-0.0697743454687997,6.170816408432907,-0.0231339777294103,486.34107192856834,117.0,1141.171875,800.625,0.035527874346451,0.0,4.156761298534772,0.0,0.0,0.0,673.1297022144945,16.299446891747085,36.7016887726545,5.753245318072603,0.41118474587617,2.7714899044158368,4.892025815544938,654.9609375,811.875,4.156761298534772,0.3561550569945466,1.528047048555871,3.00395946162191,False
98,0.1648725043402777,0.0400151909722222,2.5328043619791667,0.6291829427083333,0.3550274091608384,-0.0480842029347139,7.650524139404297,-0.8096160888671875,-0.6333081183393106,0.1007291342680706,7.048526539522059,-1.2792896943933822,0.034107821993195,0.0224047267794622,0.040391549556213,0.0424180023097309,20.93078169234151,-0.0029406728122133,0.0031449578090623,1.503921831219607,10.350201578098128,4.231787792720429,-0.3838490976378985,8.00553804570013,-0.0901504628943286,541.4957819639648,126.0,1166.484375,825.0,0.034107821993195,0.0,4.297585571142577,0.0,0.0,0.0,910.8429440051374,24.004799430861333,20.972393584374,7.228912254009026,1.016526178851201,3.7979668755067895,6.001112359406726,627.1875,873.75,4.297585571142577,1.0082127050758003,3.1505408653846154,4.750816258689865,False
99,0.0130392663619097,-0.082652540767894,-0.4614372253417969,5.1442413330078125,0.158639346852022,-4.343669666963465,0.44012451171875,-12.127960205078123,-0.3856036440311418,1.256785250865052,-0.9926470588235294,3.235294117647059,0.0164634047018754,0.0410218336396404,0.0298086974764077,0.0231299483969022,21.47173628876386,0.9387935908711976,0.1208267392460469,3.268228924392224,12.238175671361017,-0.1215840303646799,2.743890731855848,6.472357003202306,-1.5410926924044186,432.0655929960183,162.0,757.44140625,1155.625,0.0,12.36801659412924,0.0,0.016499731331516,0.4454927459509325,0.4454927459509325,726.9630030877437,23.6284619179346,20.972393584374,4.4874259449860725,2.8165545908505254,5.406398231293236,5.07253701977648,770.2734375,723.75,2.6670715617038168,2.4613100183784264,2.921252352687958,3.134108007780259,False
100,0.092809234935932,0.0063430944528546,1.6356488396139706,0.1307085822610294,-3.1048736572265625,-0.1943588256835937,0.06097412109375,0.003814697265625,-0.6442809525640955,0.0942013682476197,8.695424583171771,0.6441127051828874,0.0248823464318138,0.0147713472338538,0.0238292760198747,0.029950659580792,14.98028113169572,0.3722384040564953,0.0695328235512832,6.457742922373316,1.9665118293258208,2.509168555731969,0.1671997554544669,9.398049500476857,0.0765500186575461,340.61444030509915,117.0,1233.991943359375,801.673583984375,0.0248823464318138,0.0,2.911234532522215,0.0,0.0,0.0,530.5944187002513,4.812724569000185,17.976337358034858,4.534995031626079,0.7096460078915169,2.038862723031193,3.845461507978455,894.375,775.625,2.911234532522215,0.694253319991132,1.501244389252108,2.90521397933683,False
101,0.0981158088235294,-0.1516814446366783,0.1688304227941176,4.502412683823529,0.0850065554714532,-0.8761453879840984,0.1926987591911764,-2.169634650735294,0.0,-0.0607431686860871,0.0,0.7587566240144759,0.0022091672462951,0.0098496028987396,0.007442866348378,0.0044522675642148,16.166220054621636,0.0016347316439143,0.0140781082097988,0.4566914936292915,3.237074271178725,-0.0628504384494379,0.9937616066110392,2.110432742876841,-1.4992224528780755,334.2933968766247,389.0,1037.4609375,1110.3125,0.0,0.0247035573122529,0.0,0.0080994952466785,0.153292201015168,0.151191237076611,562.9624162601625,9.800017052226512,17.976337358034858,1.4472041549104435,1.4944611314238134,2.428121332274832,1.9613505915828255,1061.3671875,776.875,0.8593660588088038,0.9357122753802676,1.3713481246886594,1.1753986369527083,False
102,2.8710210991565743,-0.6327533655925606,9.609202665441176,-2.113367417279412,-0.2335640138408303,0.069204152249135,-15.799632352941176,3.088235294117647,2.5900701503027683,-0.7517638948961938,-5.205437155330882,1.510885799632353,0.0184366968666948,0.0082429837074333,0.0300214664925145,0.0277045842743678,27.48305423007252,-0.051127350164847,0.0107316633251655,1.6447613041314473,7.14462760641807,-3.711285184157265,0.967501165097047,7.5519745495119235,-0.2538944770103902,658.5772487752056,189.0,607.7700805664062,895.41845703125,0.0,0.0,0.0,0.0030010115624247,0.0630212428109196,0.0630212428109196,1070.077074537278,19.33092528849098,36.7016887726545,5.661783463160201,1.9147866089724817,5.116091570238985,6.240700295980555,1245.234375,730.0,3.4845357078053207,0.4883967846654283,3.0246627491208424,3.850937214137132,False
103,-0.3605042980117356,0.0562322619909557,-3.8421114988583,0.5392486321140838,-1.77978515625,0.3125,-19.6875,3.28125,-12.954567879541523,2.8513732698961936,-26.05698529411765,5.735294117647059,0.045195718611884,0.0231221423143457,0.0376789788898914,0.0416085569348884,26.309118737540604,0.0748912443157948,-0.0299654278622885,2.435068252997516,3.396338798541851,-4.971529251431516,1.0224154973844897,10.81464679515895,-0.2000234509647154,517.4457823874607,107.0,483.22265625,922.8125,0.045195718611884,0.0,4.835941891471595,0.0,0.0,0.0,900.0756502809422,9.001452578054431,36.7016887726545,8.41192196524245,0.910428800954864,4.462962255544943,7.977608776101814,990.3515625,820.0,4.835941891471595,0.878641407945139,2.5244915856227297,4.015225744216738,False
104,-0.0074298381805419,0.0028190612792968,-0.2377548217773437,0.0902099609375,-0.7611541748046875,0.180419921875,-1.318359375,0.3125,0.3076171875,-0.05859375,-1.23046875,0.234375,0.0063649531431596,0.0079466723781385,0.0040489822851515,0.0092932735996479,4.2800803233416325,-0.018937349319458,0.0022032601492745,0.2470907166771918,0.456743327371555,-0.503037588936942,0.0995221819196428,1.0201495562213216,-0.2507308120745372,21.411702373588987,58.0,1010.390625,690.9375,0.0063649531431596,0.0,0.3691672823032584,0.0,0.0,0.0,35.68440602500916,1.0364604563098154,4.119577311216322,0.6152483797415372,0.2542935161004341,0.5163327581684174,0.7434251255210241,1031.1328125,685.625,0.3691672823032584,0.2542935161004341,0.1619592914060626,0.4460771327831039,False
105,-0.0014924848008111,0.0127515618499171,-2.74530029296875,0.3016070197610294,0.1797472679903762,-0.0211363267733564,-7.513862161075368,2.095272288602941,0.3021970207308526,-0.0840940122251157,-5.837324354383687,2.6600748697916665,0.0310462710452121,0.0241999543284148,0.0390398442165275,0.0384189860534393,34.418979266872284,-0.0546894004236807,0.0112596898008725,2.124038134147809,9.17582115000542,-4.316849490081049,1.2728874376290924,9.300222686449196,-0.2919063075386133,617.2309146498625,141.0,372.1610412597656,865.750732421875,0.0,0.0,0.0,0.0043016861753744,0.0860337235074897,0.0860337235074897,1027.34756880113,24.83234164061396,36.7016887726545,7.28615297022078,1.328304326909745,4.4184984351420615,7.032893544632001,963.28125,688.125,4.377524217374911,1.3067975337344042,3.4355062910544216,4.687116298519595,False
106,-1.1745008680555555,3.613849826388889,-2.4375,7.5,-0.0526296226211072,-2.838147437283737,0.0244858685661764,1.3202263327205883,0.1558295355902651,8.522515190972221,0.3515625,11.666666666666666,0.0124518512375937,0.0157896869043589,0.0290072477747679,0.0177285551534859,29.4698289159738,0.0086776618376095,-0.0053049666642576,1.19348251754851,11.728767962608195,-0.1515029894427231,2.499124414328054,5.073240508929972,-1.5227804975201829,498.0740495037485,200.0,913.359375,1088.125,0.0,0.0,0.0,0.0085729017886833,0.1200206250415668,0.1200206250415668,796.8801705015908,31.125948760422872,26.964506037052285,3.984400852507954,1.7434389074353445,4.189772046467057,4.521312936488142,937.265625,590.625,2.4903702475187424,0.8921173100962798,2.813703034152493,2.818840269404269,False
107,0.0026186292526892,0.0051259487419856,-0.9157942354917928,-0.1915471112834432,0.6890371817129629,-0.0214240933641975,-5.805582682291667,1.4313693576388888,1.0144963775951492,-0.5153006055363322,-0.8997874540441444,0.45703125,0.0060130744727597,0.0033124782925646,0.0072689188284196,0.0081158323898671,45.747473917563056,0.0026672127746642,-0.0239120372354018,0.6903192862466129,12.08886160079942,-1.6140584929466029,0.471040180839038,3.310817401754158,-0.2775036248714107,444.8713017926549,272.0,888.3984375,981.875,0.0,0.0,0.0,0.0029932756188423,0.0688453392333748,0.0688453392333748,731.2667334451581,27.426844497404375,52.430983960935,2.6884806376660224,0.3130302101828421,1.655492188442688,2.815083389069565,1316.25,860.0,1.635556256590643,0.2418109153572187,1.024917554807166,1.688093137092359,False
108,0.3242930903979239,0.0411778222318339,-0.9379308363970588,-0.1191119025735294,2.227488375865052,0.0,-2.279497931985294,0.0,5.540424280925606,-1.9500973183391,-1.1039321001838236,0.3885569852941176,0.0275574545567211,0.0089760551148872,0.0215884018097346,0.0312669196739286,48.64846297518182,0.2997933343375125,-0.1420500481723929,1.309017217776037,21.632237610154377,-3.773845561004078,0.90699450697366,6.65933067214038,-0.2650544585277449,603.6184846104193,148.0,753.046875,976.875,0.0,0.0,0.0,0.004940247029083,0.1333866697852431,0.1333866697852431,882.8430712242241,52.39968581433752,52.430983960935,5.965155886650163,0.508406010502768,2.430338681091724,5.0754856585200505,1335.5859375,818.75,4.078503274394725,0.3949464250550386,1.6623069393495644,3.470628083806074,False
109,0.5290535791522554,1.410811797145329,0.9926470588235294,2.647058823529412,0.0,-0.0223158848138503,0.0,0.0667656792534722,0.0,0.0,0.263671875,1.25,0.0008111484260763,0.0090236236353181,0.0030918120319186,0.0014258665788759,34.546506817386955,0.0008221183271081,-0.0021610474626963,0.3125622132166027,6.674387812417458,0.0215738798683371,0.7382116301014489,1.4445915006767975,1.5448206463647032,541.4326517732839,817.0,1010.390625,1345.0,0.0045157665031868,0.0648409214684602,0.1354729950956042,0.0125206941735034,0.6536269335284448,0.6385554028486758,867.8265748510194,24.05991577130138,26.96450603705229,1.0622112299278084,2.7345717469316417,1.9036296491776088,1.3598154221240275,996.328125,803.75,0.6627082641043865,1.737047549798752,1.199623068384435,0.8540940807467058,False
110,-1.456567625685959,0.1234922838046064,-4.882295496323529,0.4133157169117647,-0.1475238564573669,0.0194882993344907,2.4113735622829924,-0.4410807291666667,0.06591796875,-0.0390625,6.50390625,-1.5625,0.0068430671267725,0.002770083102493,0.0112715262871052,0.0092270930395961,31.789037754466047,0.0157424658072202,-0.0038003088001021,0.7886958837052184,6.058472802577941,1.6392295940710997,-0.3406479147090166,3.565675069953933,-0.1930705514399223,384.3682374436869,237.0,1191.4453125,883.125,0.0,0.0,0.0,0.0145977508650519,0.1240808823529411,0.1240808823529411,655.634345912971,12.215581534412264,36.7016887726545,2.766389645202409,0.8530730773145268,2.4268782048826107,2.9718273626157363,814.21875,956.875,1.6218069090450922,0.1973684210526315,1.5216560487592043,1.6701038401669113,False
111,-1.4460122923537522,-0.0879721460045415,-4.582907284007353,-0.2468979779411764,8.991782006920417,-0.1700570393598679,23.327205882352946,-0.4411764705882353,3.7353515625,-0.3038194444444444,13.0078125,-1.1458333333333333,0.0266287103165511,0.0026654909508012,0.0309865743331278,0.0345778536703302,40.8212660838708,0.1296589718021195,-0.0228581594190572,2.695976940000959,4.145488563940642,3.8768179112104,-0.1835390688832879,8.404504146565687,-0.0483106017489584,631.5264938673281,154.0,1442.8990478515625,879.50244140625,0.0,6.448628652693711,0.0,0.0,0.0,0.0,966.5466731535872,10.113366221789002,52.430983960935,6.276277098399917,0.8869132990588506,4.627646226032448,6.591363524360337,812.109375,910.0,4.100821388748884,0.1392719021793662,2.7732984028149428,4.391387416131944,False
112,0.1151562997746038,-0.0367508209633446,0.3211408383955883,-0.1038085390547785,-5.113767841695502,0.7575962370242214,-9.926470588235292,1.4705882352941178,-10.50421142578125,4.247772216796875,-20.478515625,8.28125,0.02641065633118,0.0035084687938215,0.015422185043725,0.0259265809768203,41.511147451777845,-0.0607870672829831,0.0190925234210768,1.7423816675160355,10.158909935766497,-3.7525383795761993,1.3043648815736155,7.744632605375858,-0.3237522968341179,481.3342116357569,135.0,851.1328125,1128.75,0.02641065633118,0.0,3.5654386047093105,0.0,0.0,0.0,776.6034824070559,26.712705947322977,47.936899621426285,5.752618388200414,0.2404361733769774,2.566738784736087,5.516073454833579,1307.4609375,975.625,3.5654386047093105,0.1391695476748409,1.1643749708012423,2.8259973264734195,False
113,0.0006415247747193,-0.0537640325562697,0.1620088465073529,1.2350571576286764,0.0,-0.0797887731481481,0.0,0.4742838541666667,0.0,0.2030574178200692,0.0,0.4411764705882353,0.0010159449200027,0.0086640076056908,0.003321627112946,0.0016569487851829,26.53552525919014,0.0012286077876596,0.0035499765470581,0.3513294648073231,5.989700507777716,-0.0140378939596618,0.7980784653473549,1.5935115885591695,-1.5507039076916398,597.6692210435191,767.0,1004.359375,1430.673583984375,0.0194604944079803,0.3314750059005937,0.3259632813336701,0.0022309488217176,0.3438097307125051,0.1148938643184594,967.504138246255,10.748720966897883,20.972393584374,1.2614134788086766,2.7730693587755515,2.105961298825235,1.5708581931613113,1016.3671875,833.125,0.779229753642137,1.828105604800761,1.3153643367266414,0.9734574112949582,False
114,0.5826175254108996,2.766679282006921,1.8798828125,9.146627987132351,0.0,0.1384083044982698,1.1580882352941178,-3.9705882352941178,-0.0168423828545745,0.0527768222627586,0.3380557789522059,-0.7173282398897058,0.0041722561617188,0.0083777848469711,0.0106508502096799,0.0058819693339961,52.561247275123655,-0.0067275333544912,-0.0036861336565668,0.5743035293770703,28.496278106000545,0.1159963579265318,-1.333718787504296,2.7585684234264933,-1.4918844458559128,432.5962078716611,322.0,1235.390625,443.75,0.0,0.5858755992448451,0.0,0.0023735171672855,0.1545238369486583,0.062304825641245,730.7765565997017,57.00039401221559,52.430983960935,2.269492411800316,1.7934204904346254,3.0540912269431866,2.4807697979371017,1201.2890625,875.0,1.3434664840734816,0.7812284369800576,1.807981823093176,1.5116661188370213,False
115,0.1167820069204152,-0.657439446366782,-1.40625,-6.323529411764706,-0.2135191392733564,2.009603427768166,0.4987936580882353,-4.694479549632353,0.0732067021753299,-0.0571498115617874,2.1068050986842106,-3.3056447882401376,0.0173932617633638,0.0185922682713634,0.026737166784976,0.0211273361303153,30.14781577753762,-0.0156058352886985,0.0271946955322093,1.3012786101277316,29.43965916040322,0.6396444835620908,-2.8633780875458235,5.920318554542413,-1.366364303472154,479.2887211512548,166.0,1388.5899658203125,517.5667724609375,0.0,0.0,0.0,0.0123667423295476,0.1422175367897984,0.1422175367897984,789.0652279381201,56.7006684752417,36.7016887726545,4.753404987579037,1.710470322520306,3.918763318780523,4.648942628079589,1291.2890625,986.875,2.887281452718402,0.9807421513144212,2.406345010647841,3.0212090666350955,False
116,0.6365362781141869,-0.1460180579584775,-2.423397288602941,0.5558938419117647,2.244140625,-0.6523842993079585,-3.614975873161765,1.0508961397058822,3.1054079260380623,-1.1041441392733564,-2.105325137867647,0.7485638786764706,0.0234612376010187,0.0208686088010898,0.0314804290337127,0.03075938737706,33.96778746612002,0.2652897792628763,-0.1570961803864624,1.2548571695597346,8.947188968388309,-3.205215319037771,1.0673501321915495,6.155879371123271,-0.3330197993366995,493.2725205614191,145.0,802.265625,1158.125,0.0,0.0,0.0,0.0122890211856695,0.3440925931987466,0.3440925931987466,759.0963984447834,18.208965728827017,47.936899621426285,5.235147575481265,1.3131244358716996,3.751460409706509,5.213127635820696,1268.4375,996.875,3.4018794521477176,0.939087396049042,2.455473464629592,3.445051386230721,False
117,0.3504257202148437,4.083953857421875,0.791015625,9.21875,0.2873611111111111,1.4304253472222224,0.46875,2.333333333333333,0.005684196357771,-0.0038551691356689,-0.0164220473345588,0.3363826976102941,0.0025862674127145,0.0158522048210812,0.0071048172368821,0.0039125682371004,32.041156865015815,0.0012434088191515,-0.0072148327349516,0.4350411471566394,4.690049320931827,0.0719305681976963,1.0127207374760294,1.9547189037925208,1.4991907727705145,373.4570143959844,380.0,1077.1875,1345.625,0.0,0.3391709958361769,0.0,0.0011257715526339,0.1783029305671581,0.0371504612369204,586.9067125366623,11.6765603303176,26.96450603705229,1.5444913487806904,2.7682210231714666,2.297696389321584,1.8246041465831608,1050.46875,973.125,0.982781616831538,1.6486293013924516,1.4600399421792871,1.1659453346559403,False
118,-0.0081711079422577,-0.0741693305309252,-0.2351289636948529,-1.3635325712316109,0.1411791738754325,-6.609375,0.2481617647058823,-11.617647058823527,1.875,-0.5555555555555559,12.3046875,-24.375,0.0177501943663277,0.0082130357096416,0.0122291897090395,0.0193654527297259,27.619893336563976,0.0625696746168533,-0.1380967568325825,2.511274083101354,16.25360059171372,0.8682761266397329,-3.1421996277049806,8.58055990358101,-1.373662612791981,495.0351706825141,167.0,1377.347900390625,516.4276733398439,0.0,0.995822392626566,0.0,0.0041803863910796,0.1045096597769919,0.1045096597769919,917.9871082635632,41.93487587959684,36.7016887726545,5.496928791997384,0.5345967154791751,2.93314957647861,5.2127864444610585,1280.390625,1001.875,2.9642824591767307,0.4845691068688578,1.2290335657584768,2.730528834891353,False
119,-0.0066932042439778,-0.0003515879313151,-0.1615447998046875,-0.070159912109375,-0.0389273356401384,-0.0346020761245674,-0.6617647058823529,-0.2941176470588235,0.1095186121323529,0.0445146923659185,0.32470703125,0.1154641544117647,0.0016680584972999,0.0029333107011495,0.0027652281512646,0.0016550033392033,46.38125504236559,-0.000493764320283,-0.0008664956847437,0.062595160065607,0.355627217377951,-0.1336298693718773,-0.0769789107424805,0.2937064074500952,0.4913733623425633,13.813192416141108,91.0,1023.1726684570312,993.482421875,0.0016680584972999,0.0,0.1517933232542979,0.0,0.0,0.0,21.65807097945834,0.7338598729711914,60.670138583367645,0.2380007799940477,0.1221477900886306,0.235848446419536,0.2275636029002024,1035.3515625,1000.0,0.1517933232542979,0.1173324280459801,0.1458657849792077,0.1295040112926602,False
